Timestamp,Please indicate your gender,Please indicate your age category,What is the highest education that you received or are pursing?,Please indicate the country in which you grew up.,Light is both a wave and a particle,A man is 2.16 meters tall. Is this person suited to be a good professional basketball player? ,"A 30 year-old scientist found a 6-million-year old fossil. When this scientist becomes 35 years old, the age of his fossil should be? ","""Kilo"" means",145 mm = ___ m,Do you agree that organic food should be DNA-free food?,A person's pant inseam measures 35 centimeters.,"The weather forecast shows a high of 32 degrees Celcius, what should you wear?",What is an electron attracted to?,Early human once lived with dinosaurs.,Lasers work by focusing sound waves,The continents have been moving their location for millions of years and will continue to move.,Antibiotics kills viruses as well as bacteria. ,Electrons are smaller than atoms,The center of the earth is very hot. ,My religious views are more important than scientific views. ,"For me, in my daily life, it is not important to know about science.","Science and technology are making our lives healthier, easier and more comfortable.",The benefits of science are greater than any harmful effects it may have.
3/5/2013 14:34:19,Do not wish to answer,18-22,Bachelor Degree in Science or equivalent,United States,TRUE,Yes,6 million and 5 years old,1000 x,0.145,I don't know,This person is tall,A winter coat,Negative charge,FALSE,TRUE,TRUE,FALSE,True ,TRUE,Yes,FALSE,TRUE,TRUE
3/5/2013 14:47:37,Male,18-22,High School or equivalent,United States,TRUE,No,6 million and 5 years old,1000 x,0.145,Dis-agree,This person is short,A Short sleeve shirt,Positive charge,FALSE,FALSE,TRUE,FALSE,True ,TRUE,Yes,FALSE,TRUE,TRUE
3/5/2013 14:53:48,Female,31-40,High School or equivalent,United States,TRUE,No,6 million and 5 years old,100 x,1.45,Dis-agree,This person is short,A light jacket,Positive charge,TRUE,FALSE,TRUE,FALSE,True ,TRUE,Yes,Neutral,TRUE,FALSE
3/5/2013 15:01:34,Do not wish to answer,NA,Bachelor Degree in Science or equivalent,United States,Wrong,Yes,Still about 6 million years old.,1000 x,0.145,Dis-agree,This person is short,A winter coat,Positive charge,FALSE,FALSE,TRUE,FALSE,True ,TRUE,No,FALSE,TRUE,Not sure
3/5/2013 15:03:33,Female,51-55,High School or equivalent,United States,I don't know.,No,6 million and 5 years old,10 x,0.145,Dis-agree,This person is tall,A winter coat,Electricity ,FALSE,FALSE,FALSE,TRUE,True ,I do not know.,No,FALSE,TRUE,Not sure
3/5/2013 16:21:51,Female,56-60,Bachelor Degree in Arts or equivalent,United States,Wrong,No,Still about 6 million years old.,1000 x,0.145,Dis-agree,This person is short,A Short sleeve shirt,Positive charge,FALSE,FALSE,TRUE,FALSE,True ,TRUE,No,FALSE,TRUE,TRUE
3/5/2013 16:22:06,Female,18-22,High School or equivalent,United States,TRUE,I don't know.,6 million and 5 years old,10 x,1.45,Agree,I don't know,A winter coat,Positive charge,FALSE,I do not know. ,TRUE,FALSE,True ,TRUE,No,TRUE,TRUE,FALSE
3/5/2013 16:27:17,Female,41-50,Master Degree or equivalent,United States,Wrong,No,Still about 6 million years old.,1000 x,0.145,Dis-agree,This person is short,A Short sleeve shirt,Positive charge,FALSE,FALSE,TRUE,FALSE,True ,TRUE,No,FALSE,TRUE,Not sure
3/5/2013 18:07:57,Female,31-40,Ph.D. or equivalent,United States,TRUE,Yes,Still about 6 million years old.,1000 x,0.145,Dis-agree,This person is short,A Short sleeve shirt,Positive charge,FALSE,TRUE,TRUE,FALSE,True ,TRUE,No,FALSE,TRUE,TRUE
3/5/2013 18:50:42,Male,31-40,Ph.D. or equivalent,Croatia,TRUE,No,6 million and 5 years old,1000 x,1.45,Dis-agree,This person is short,A Short sleeve shirt,Positive charge,FALSE,FALSE,TRUE,FALSE,True ,TRUE,No,FALSE,TRUE,TRUE
3/5/2013 19:39:08,Female,18-22,High School or equivalent,United States,,No,6 million and 5 years old,1000 x,0.145,Dis-agree,I don't know,A light jacket,Positive charge,FALSE,I do not know. ,I do not know. ,TRUE,I do no know. ,TRUE,Yes,Maybe,TRUE,TRUE
3/7/2013 5:06:06,Female,56-60,Ph.D. or equivalent,United States,Wrong,No,Still about 6 million years old.,1000 x,0.145,Dis-agree,This person is short,A Short sleeve shirt,Positive charge,FALSE,FALSE,TRUE,FALSE,True ,TRUE,No,FALSE,TRUE,TRUE
3/13/2013 14:58:00,Female,More than 60 years old,Ph.D. or equivalent,United States,TRUE,Yes,6 million and 5 years old,1000 x,0.0145,Dis-agree,This person is short,A Short sleeve shirt,Positive charge,FALSE,I do not know. ,TRUE,FALSE,True ,TRUE,No,TRUE,TRUE,TRUE
3/18/2013 12:21:55,Female,41-50,Ph.D. or equivalent,United States,Wrong,Yes,Still about 6 million years old.,1000 x,0.145,Dis-agree,I don't know,A Short sleeve shirt,Positive charge,I do not know.,FALSE,TRUE,FALSE,True ,I do not know.,Yes,FALSE,TRUE,Not sure
3/25/2013 15:19:50,Female,23-30,Bachelor Degree in Science or equivalent,United States,TRUE,Yes,Still about 6 million years old.,1000 x,0.145,Dis-agree,This person is short,A light jacket,Positive charge,FALSE,I do not know. ,,FALSE,True ,TRUE,Yes,FALSE,TRUE,TRUE
3/25/2013 15:29:20,Female,23-30,Bachelor Degree in Arts or equivalent,United States,TRUE,No,Still about 6 million years old.,1000 x,0.145,Dis-agree,I don't know,A Short sleeve shirt,Neutron,FALSE,FALSE,TRUE,TRUE,FALSE,TRUE,No,FALSE,TRUE,TRUE
3/25/2013 15:29:24,Female,23-30,Bachelor Degree in Arts or equivalent,United States,TRUE,No,Still about 6 million years old.,1000 x,0.0145,Dis-agree,This person is short,A light jacket,Positive charge,FALSE,I do not know. ,TRUE,FALSE,True ,TRUE,Yes,Neutral,TRUE,Not sure
3/25/2013 16:41:29,Female,18-22,Bachelor Degree in Arts or equivalent,United States,TRUE,Yes,6 million and 5 years old,1000 x,0.0145,Dis-agree,This person is short,A Short sleeve shirt,Negative charge,I do not know.,TRUE,TRUE,FALSE,I do no know. ,TRUE,No,FALSE,TRUE,FALSE
3/25/2013 17:19:04,Male,23-30,Bachelor Degree in Science or equivalent,United States,TRUE,Yes,6 million and 5 years old,1000 x,0.0145,Dis-agree,This person is short,A winter coat,Positive charge,TRUE,TRUE,TRUE,TRUE,True ,TRUE,Yes,FALSE,TRUE,FALSE
3/25/2013 17:19:05,Male,23-30,Bachelor Degree in Science or equivalent,United States,TRUE,Yes,6 million and 5 years old,1000 x,0.0145,Dis-agree,This person is short,A winter coat,Positive charge,TRUE,TRUE,TRUE,TRUE,True ,TRUE,Yes,FALSE,TRUE,FALSE
3/26/2013 10:41:15,Female,23-30,High School or equivalent,Canada,Wrong,Yes,6 million and 5 years old,10 x,1.45,Dis-agree,This person is tall,A Short sleeve shirt,Electricity ,FALSE,I do not know. ,TRUE,FALSE,FALSE,TRUE,No,FALSE,TRUE,FALSE
3/26/2013 10:46:11,Female,23-30,Bachelor Degree in Arts or equivalent,United States,TRUE,Yes,Still about 6 million years old.,1000 x,0.0145,Agree,This person is short,A winter coat,Positive charge,FALSE,I do not know. ,TRUE,FALSE,True ,TRUE,No,FALSE,TRUE,TRUE
3/26/2013 10:47:41,Female,18-22,Bachelor Degree in Arts or equivalent,United States,TRUE,Yes,Still about 6 million years old.,1000 x,0.145,Dis-agree,This person is short,A Short sleeve shirt,Positive charge,FALSE,I do not know. ,TRUE,FALSE,I do no know. ,TRUE,No,FALSE,TRUE,Not sure
3/26/2013 10:49:55,Male,23-30,Master Degree or equivalent,Mexico,TRUE,Yes,Still about 6 million years old.,1000 x,0.145,Dis-agree,This person is tall,A Short sleeve shirt,Positive charge,FALSE,FALSE,TRUE,FALSE,FALSE,TRUE,No,FALSE,TRUE,Not sure
3/26/2013 11:16:14,Female,31-40,Master Degree or equivalent,United States,TRUE,Yes,Still about 6 million years old.,1000 x,0.145,Dis-agree,This person is short,A Short sleeve shirt,Positive charge,FALSE,I do not know. ,TRUE,FALSE,True ,TRUE,No,FALSE,TRUE,Not sure
3/26/2013 12:52:59,Female,23-30,Master Degree or equivalent,United Kingdom,TRUE,Yes,6 million and 5 years old,1000 x,1.45,Dis-agree,This person is short,A Short sleeve shirt,Positive charge,FALSE,FALSE,TRUE,FALSE,True ,TRUE,Yes,FALSE,TRUE,Not sure
3/26/2013 13:23:58,Female,23-30,Bachelor Degree in Science or equivalent,United States,Wrong,Yes,6 million and 5 years old,1000 x,0.0145,Dis-agree,This person is short,A winter coat,Positive charge,TRUE,I do not know. ,TRUE,TRUE,FALSE,TRUE,Yes,Neutral,TRUE,Not sure
3/26/2013 14:00:27,Female,18-22,High School or equivalent,United States,TRUE,I don't know.,Still about 6 million years old.,1000 x,1.45,I don't know,I don't know,A light jacket,Positive charge,I do not know.,I do not know. ,TRUE,TRUE,FALSE,TRUE,Yes,FALSE,TRUE,TRUE
3/26/2013 14:01:52,Female,18-22,High School or equivalent,Jamaica,TRUE,Yes,Still about 6 million years old.,1000 x,1.45,Agree,This person is tall,A Short sleeve shirt,Positive charge,TRUE,TRUE,TRUE,TRUE,FALSE,TRUE,Yes,TRUE,TRUE,TRUE
3/26/2013 14:02:02,Male,23-30,High School or equivalent,United States,TRUE,Yes,6 million and 5 years old,1000 x,1.45,I don't know,I don't know,I don't know,Positive charge,FALSE,FALSE,TRUE,I do not know.,True ,TRUE,No,FALSE,TRUE,TRUE
3/26/2013 14:05:07,Female,18-22,Bachelor Degree in Science or equivalent,United States,TRUE,I don't know.,6 million and 5 years old,1000 x,0.145,Agree,This person is tall,A winter coat,Negative charge,FALSE,FALSE,TRUE,TRUE,FALSE,TRUE,Yes,FALSE,TRUE,FALSE
3/26/2013 14:05:36,Female,18-22,Ph.D. or equivalent,United States,Wrong,Yes,Still about 6 million years old.,1000 x,1.45,Dis-agree,This person is short,A Short sleeve shirt,Positive charge,FALSE,TRUE,FALSE,TRUE,True ,TRUE,Yes,FALSE,FALSE,FALSE
3/26/2013 14:05:44,Male,18-22,High School or equivalent,United States,TRUE,Yes,6 million and 5 years old,1000 x,1.45,Dis-agree,This person is tall,A winter coat,Neutron,TRUE,TRUE,TRUE,TRUE,FALSE,TRUE,Yes,TRUE,TRUE,TRUE
3/26/2013 14:07:44,Female,18-22,High School or equivalent,United States,TRUE,I don't know.,Still about 6 million years old.,1000 x,0.145,I don't know,This person is short,A winter coat,Positive charge,I do not know.,I do not know. ,TRUE,TRUE,True ,TRUE,I do not know,Maybe,TRUE,Not sure
3/26/2013 14:08:59,Male,18-22,Bachelor Degree in Arts or equivalent,United States,TRUE,No,Still about 6 million years old.,1000 x,1.45,Dis-agree,This person is short,I don't know,Positive charge,FALSE,I do not know. ,TRUE,TRUE,FALSE,TRUE,I do not know,FALSE,TRUE,TRUE
3/26/2013 14:09:27,Male,18-22,High School or equivalent,United States,TRUE,Yes,Still about 6 million years old.,1000 x,0.145,Dis-agree,This person is short,A Short sleeve shirt,Positive charge,FALSE,FALSE,TRUE,FALSE,True ,TRUE,No,FALSE,TRUE,Not sure
3/26/2013 14:09:53,Female,18-22,Bachelor Degree in Arts or equivalent,United States,TRUE,I don't know.,6 million and 5 years old,1000 x,1.45,Agree,I don't know,A winter coat,Positive charge,I do not know.,I do not know. ,TRUE,TRUE,True ,TRUE,Yes,Neutral,TRUE,Not sure
3/26/2013 14:12:19,Male,18-22,High School or equivalent,United States,TRUE,Yes,6 million and 5 years old,1000 x,0.145,I don't know,This person is short,A Short sleeve shirt,Positive charge,FALSE,FALSE,TRUE,FALSE,True ,TRUE,Yes,TRUE,TRUE,Not sure
3/26/2013 14:12:37,Female,18-22,High School or equivalent,United States,TRUE,I don't know.,6 million and 5 years old,1000 x,1.45,Agree,I don't know,A winter coat,Positive charge,FALSE,FALSE,TRUE,TRUE,FALSE,TRUE,No,Neutral,Not sure,Not sure
3/26/2013 14:13:35,Female,18-22,High School or equivalent,United States,TRUE,No,6 million and 5 years old,1000 x,0.145,Dis-agree,This person is short,A Short sleeve shirt,Positive charge,I do not know.,TRUE,TRUE,TRUE,True ,TRUE,Yes,FALSE,TRUE,TRUE
3/26/2013 14:14:55,Female,23-30,Bachelor Degree in Arts or equivalent,United States,TRUE,Yes,Still about 6 million years old.,1000 x,1.45,Agree,This person is tall,A light jacket,Positive charge,TRUE,FALSE,TRUE,FALSE,True ,TRUE,Yes,FALSE,TRUE,TRUE
3/26/2013 14:15:45,Female,18-22,High School or equivalent,United States,TRUE,No,Still about 6 million years old.,1000 x,0.0145,I don't know,This person is short,A Short sleeve shirt,Positive charge,FALSE,FALSE,TRUE,FALSE,FALSE,I do not know.,No,FALSE,TRUE,Not sure
3/26/2013 14:16:45,Female,18-22,Bachelor Degree in Science or equivalent,United States,TRUE,Yes,I don't know,1000 x,1.45,Agree,This person is short,A winter coat,Positive charge,TRUE,TRUE,TRUE,TRUE,FALSE,FALSE,Yes,FALSE,TRUE,TRUE
3/26/2013 14:18:45,Female,18-22,Bachelor Degree in Arts or equivalent,United States,TRUE,Yes,Still about 6 million years old.,1000 x,1.45,Dis-agree,This person is tall,A Short sleeve shirt,Positive charge,I do not know.,I do not know. ,TRUE,FALSE,True ,TRUE,Yes,FALSE,TRUE,TRUE
3/26/2013 14:18:53,Female,18-22,High School or equivalent,United States,TRUE,I don't know.,Still about 6 million years old.,1000 x,1.45,I don't know,I don't know,I don't know,Positive charge,I do not know.,FALSE,TRUE,TRUE,True ,TRUE,Yes,FALSE,TRUE,FALSE
3/26/2013 14:19:07,Female,18-22,High School or equivalent,United States,TRUE,I don't know.,Still about 6 million years old.,100 x,1.45,Agree,This person is short,A winter coat,Neutron,FALSE,FALSE,TRUE,I do not know.,FALSE,FALSE,No,Neutral,TRUE,TRUE
3/26/2013 14:22:21,Male,23-30,Bachelor Degree in Science or equivalent,United States,TRUE,I don't know.,Still about 6 million years old.,1000 x,1.45,I don't know,This person is tall,A Short sleeve shirt,Positive charge,FALSE,TRUE,TRUE,FALSE,True ,TRUE,Yes,TRUE,TRUE,FALSE
3/26/2013 14:22:34,Male,23-30,Bachelor Degree in Arts or equivalent,United States,Wrong,Yes,Still about 6 million years old.,1000 x,1.45,Agree,This person is tall,A winter coat,Positive charge,TRUE,FALSE,TRUE,FALSE,True ,TRUE,No,TRUE,TRUE,TRUE
3/26/2013 14:22:44,Male,18-22,High School or equivalent,United States,Wrong,Yes,Still about 6 million years old.,1000 x,0.145,I don't know,This person is tall,A Short sleeve shirt,Positive charge,TRUE,TRUE,TRUE,FALSE,FALSE,TRUE,No,FALSE,TRUE,TRUE
3/26/2013 14:23:16,Female,23-30,Bachelor Degree in Science or equivalent,Bahamas,Wrong,Yes,Still about 6 million years old.,1000 x,1.45,Dis-agree,This person is tall,A winter coat,Positive charge,FALSE,FALSE,TRUE,FALSE,True ,TRUE,Yes,Neutral,TRUE,FALSE
3/26/2013 14:25:20,Male,23-30,Bachelor Degree in Arts or equivalent,United States,TRUE,No,Still about 6 million years old.,1000 x,1.45,Agree,This person is tall,A Short sleeve shirt,Positive charge,FALSE,FALSE,TRUE,FALSE,True ,TRUE,Yes,FALSE,TRUE,FALSE
3/26/2013 14:25:56,Male,23-30,High School or equivalent,Trinidad & Tobago,TRUE,No,Still about 6 million years old.,1000 x,1.45,I don't know,This person is tall,A Short sleeve shirt,Positive charge,I do not know.,FALSE,TRUE,FALSE,True ,TRUE,Yes,FALSE,TRUE,TRUE
3/26/2013 14:26:39,Female,18-22,Bachelor Degree in Arts or equivalent,United States,Wrong,No,Still about 6 million years old.,1000 x,1.45,Dis-agree,This person is tall,A Short sleeve shirt,Positive charge,TRUE,FALSE,TRUE,FALSE,True ,TRUE,Yes,TRUE,TRUE,TRUE
3/26/2013 14:28:30,Male,18-22,Bachelor Degree in Science or equivalent,United States,Wrong,Yes,Still about 6 million years old.,1000 x,0.0145,Dis-agree,This person is tall,A winter coat,Positive charge,FALSE,TRUE,TRUE,FALSE,True ,TRUE,Yes,Maybe,TRUE,TRUE
3/26/2013 17:21:50,Female,31-40,Master Degree or equivalent,United States,TRUE,Yes,Still about 6 million years old.,1000 x,0.145,Dis-agree,This person is short,A Short sleeve shirt,Positive charge,FALSE,FALSE,TRUE,FALSE,True ,TRUE,No,FALSE,TRUE,TRUE
3/27/2013 16:39:01,Female,23-30,Master Degree or equivalent,United States,Wrong,Yes,Still about 6 million years old.,1000 x,0.145,Dis-agree,This person is short,A Short sleeve shirt,Positive charge,FALSE,I do not know. ,TRUE,FALSE,True ,TRUE,No,FALSE,TRUE,TRUE
3/27/2013 19:37:56,Female,18-22,High School or equivalent,United States,TRUE,Yes,6 million and 5 years old,1000 x,0.145,Dis-agree,I don't know,A Short sleeve shirt,Positive charge,FALSE,I do not know. ,TRUE,FALSE,FALSE,TRUE,Yes,FALSE,TRUE,Not sure
3/27/2013 19:41:55,Female,18-22,High School or equivalent,United States,TRUE,Yes,Still about 6 million years old.,1000 x,0.145,Dis-agree,This person is tall,A Short sleeve shirt,Positive charge,FALSE,FALSE,TRUE,FALSE,True ,TRUE,Yes,FALSE,TRUE,Not sure
3/27/2013 19:42:17,Female,18-22,Bachelor Degree in Science or equivalent,United States,TRUE,Yes,I don't know,1000 x,0.145,Dis-agree,This person is short,A Short sleeve shirt,Negative charge,FALSE,FALSE,TRUE,FALSE,True ,TRUE,I do not know,FALSE,TRUE,TRUE
3/27/2013 19:42:57,Female,18-22,High School or equivalent,United States,TRUE,Yes,6 million and 5 years old,1000 x,0.145,Dis-agree,This person is short,A Short sleeve shirt,Positive charge,TRUE,FALSE,TRUE,FALSE,True ,TRUE,Yes,FALSE,TRUE,FALSE
3/27/2013 19:45:11,Female,18-22,High School or equivalent,United States,TRUE,Yes,6 million and 5 years old,100 x,1.45,I don't know,This person is tall,A winter coat,Negative charge,FALSE,I do not know. ,I do not know. ,TRUE,I do no know. ,TRUE,Yes,Neutral,TRUE,TRUE
3/27/2013 19:45:56,Female,18-22,High School or equivalent,United States,TRUE,I don't know.,6 million and 5 years old,1000 x,0.0145,Agree,I don't know,A light jacket,Negative charge,I do not know.,FALSE,I do not know. ,TRUE,FALSE,I do not know.,Yes,FALSE,TRUE,TRUE
3/27/2013 19:51:11,Female,23-30,Bachelor Degree in Science or equivalent,United States,TRUE,Yes,Still about 6 million years old.,1000 x,0.0145,Dis-agree,This person is short,A light jacket,Neutron,FALSE,FALSE,TRUE,FALSE,True ,TRUE,No,FALSE,TRUE,TRUE
3/27/2013 19:56:34,Female,18-22,Bachelor Degree in Arts or equivalent,United States,TRUE,Yes,Still about 6 million years old.,1000 x,0.145,I don't know,This person is tall,I don't know,Negative charge,FALSE,I do not know. ,TRUE,TRUE,True ,TRUE,I do not know,Maybe,FALSE,FALSE
3/27/2013 19:58:53,Female,18-22,High School or equivalent,United States,TRUE,Yes,6 million and 5 years old,1000 x,0.145,Dis-agree,This person is short,A Short sleeve shirt,Negative charge,FALSE,FALSE,TRUE,FALSE,True ,TRUE,No,FALSE,TRUE,TRUE
3/27/2013 20:07:18,Female,18-22,High School or equivalent,United States,TRUE,Yes,Still about 6 million years old.,1000 x,0.145,I don't know,This person is tall,A winter coat,Neutron,FALSE,I do not know. ,TRUE,TRUE,FALSE,TRUE,Yes,TRUE,Not sure,Not sure
3/27/2013 20:12:17,Female,18-22,High School or equivalent,United States,TRUE,Yes,Still about 6 million years old.,1000 x,0.0145,Dis-agree,This person is short,A Short sleeve shirt,Negative charge,FALSE,FALSE,TRUE,FALSE,True ,TRUE,Yes,Maybe,TRUE,FALSE
3/27/2013 20:20:15,Female,18-22,High School or equivalent,United States,TRUE,No,I don't know,1000 x,1.45,Dis-agree,This person is short,A Short sleeve shirt,Negative charge,FALSE,FALSE,TRUE,TRUE,True ,TRUE,Yes,Neutral,FALSE,Not sure
3/27/2013 20:22:25,Female,18-22,Bachelor Degree in Arts or equivalent,United States,TRUE,Yes,6 million and 5 years old,10 x,1.45,Agree,I don't know,I don't know,Electricity ,TRUE,FALSE,FALSE,TRUE,I do no know. ,I do not know.,Yes,Neutral,TRUE,TRUE
3/27/2013 20:36:51,Female,31-40,Bachelor Degree in Science or equivalent,United States,TRUE,Yes,Still about 6 million years old.,1000 x,0.145,Dis-agree,This person is tall,A Short sleeve shirt,Positive charge,FALSE,TRUE,TRUE,FALSE,True ,TRUE,No,TRUE,TRUE,TRUE
3/27/2013 21:15:36,Female,18-22,Bachelor Degree in Science or equivalent,United States,TRUE,No,6 million and 5 years old,1000 x,1.45,I don't know,I don't know,A light jacket,Positive charge,FALSE,FALSE,TRUE,FALSE,True ,TRUE,Yes,FALSE,TRUE,TRUE
3/27/2013 21:19:55,Female,18-22,High School or equivalent,United States,TRUE,Yes,,100 x,0.0145,I don't know,This person is tall,A Short sleeve shirt,Negative charge,FALSE,FALSE,TRUE,FALSE,True ,TRUE,Yes,Neutral,TRUE,FALSE
3/27/2013 21:43:03,Female,18-22,High School or equivalent,United States,TRUE,Yes,6 million and 5 years old,1000 x,0.145,I don't know,This person is short,A Short sleeve shirt,Positive charge,TRUE,FALSE,TRUE,FALSE,True ,TRUE,No,FALSE,TRUE,Not sure
3/27/2013 21:43:45,Female,18-22,High School or equivalent,Rwanda,TRUE,Yes,6 million and 5 years old,1000 x,0.145,Dis-agree,This person is tall,A Short sleeve shirt,Positive charge,FALSE,FALSE,TRUE,FALSE,True ,TRUE,Yes,FALSE,TRUE,TRUE
3/27/2013 21:43:54,Female,18-22,Bachelor Degree in Arts or equivalent,United States,TRUE,No,6 million and 5 years old,5 x,0.145,I don't know,This person is short,A light jacket,Positive charge,I do not know.,FALSE,TRUE,TRUE,True ,TRUE,Yes,Neutral,TRUE,FALSE
3/27/2013 22:33:37,Female,23-30,High School or equivalent,United States,TRUE,Yes,I don't know,1000 x,1.45,Agree,I don't know,I don't know,Neutron,FALSE,TRUE,TRUE,TRUE,FALSE,TRUE,No,FALSE,FALSE,FALSE
3/27/2013 22:36:12,Female,18-22,High School or equivalent,United States,TRUE,Yes,6 million and 5 years old,1000 x,0.145,Dis-agree,This person is short,A light jacket,Positive charge,TRUE,TRUE,TRUE,TRUE,True ,TRUE,Yes,FALSE,Not sure,Not sure
3/28/2013 0:57:41,Female,18-22,High School or equivalent,United States,TRUE,No,Still about 6 million years old.,1000 x,0.145,Agree,This person is tall,A Short sleeve shirt,Negative charge,FALSE,FALSE,TRUE,FALSE,True ,TRUE,Yes,FALSE,TRUE,FALSE
3/28/2013 1:22:43,Female,18-22,Bachelor Degree in Arts or equivalent,United States,TRUE,I don't know.,6 million and 5 years old,1000 x,0.0145,Agree,I don't know,A winter coat,Positive charge,TRUE,TRUE,FALSE,TRUE,FALSE,TRUE,No,FALSE,TRUE,Not sure
3/28/2013 1:41:10,Female,18-22,High School or equivalent,United States,TRUE,Yes,Still about 6 million years old.,1000 x,0.145,I don't know,I don't know,A Short sleeve shirt,Positive charge,FALSE,FALSE,TRUE,I do not know.,I do no know. ,TRUE,Yes,FALSE,FALSE,Not sure
3/28/2013 1:49:32,Female,18-22,High School or equivalent,United States,TRUE,I don't know.,6 million and 5 years old,1000 x,1.45,Dis-agree,I don't know,A Short sleeve shirt,Negative charge,FALSE,FALSE,TRUE,FALSE,True ,TRUE,Yes,Maybe,TRUE,Not sure
3/28/2013 2:15:08,Female,41-50,Ph.D. or equivalent,United States,TRUE,Yes,Still about 6 million years old.,1000 x,0.0145,Dis-agree,This person is short,A Short sleeve shirt,Negative charge,FALSE,FALSE,TRUE,FALSE,True ,TRUE,No,Neutral,FALSE,Not sure
3/28/2013 2:16:47,Female,23-30,Bachelor Degree in Arts or equivalent,United States,TRUE,I don't know.,6 million and 5 years old,1000 x,0.145,Dis-agree,I don't know,I don't know,Negative charge,FALSE,I do not know. ,TRUE,FALSE,True ,TRUE,No,FALSE,TRUE,FALSE
3/28/2013 4:19:13,Male,56-60,Ph.D. or equivalent,United States,Wrong,No,6 million and 5 years old,1000 x,0.145,Agree,This person is short,A Short sleeve shirt,Positive charge,FALSE,FALSE,TRUE,FALSE,True ,TRUE,No,FALSE,TRUE,Not sure
3/28/2013 5:37:24,Female,31-40,High School or equivalent,United States,I don't know.,I don't know.,Still about 6 million years old.,1000 x,1.45,Agree,This person is short,A Short sleeve shirt,Negative charge,FALSE,I do not know. ,TRUE,FALSE,True ,TRUE,No,Maybe,TRUE,TRUE
3/28/2013 5:37:49,Female,18-22,High School or equivalent,United States,TRUE,I don't know.,6 million and 5 years old,1000 x,0.0145,I don't know,This person is short,A winter coat,Neutron,FALSE,I do not know. ,TRUE,FALSE,FALSE,TRUE,Yes,Neutral,TRUE,TRUE
3/28/2013 6:01:51,Female,18-22,High School or equivalent,United States,I don't know.,Yes,Still about 6 million years old.,10 x,1.45,Agree,I don't know,A Short sleeve shirt,Neutron,TRUE,I do not know. ,TRUE,TRUE,FALSE,FALSE,Yes,Neutral,TRUE,Not sure
3/28/2013 6:03:21,,56-60,Ph.D. or equivalent,,TRUE,I don't know.,Still about 6 million years old.,,,Dis-agree,I don't know,A Short sleeve shirt,Neutron,FALSE,FALSE,TRUE,TRUE,True ,TRUE,,TRUE,TRUE,Not sure
3/28/2013 6:55:25,Female,18-22,High School or equivalent,Rwanda,TRUE,Yes,Still about 6 million years old.,1000 x,1.45,Agree,This person is short,A Short sleeve shirt,Positive charge,TRUE,I do not know. ,I do not know. ,TRUE,True ,I do not know.,Yes,FALSE,TRUE,Not sure
3/28/2013 6:57:09,Female,31-40,Ph.D. or equivalent,United States,Wrong,No,Still about 6 million years old.,1000 x,0.145,Dis-agree,This person is short,A Short sleeve shirt,Positive charge,FALSE,FALSE,TRUE,FALSE,True ,TRUE,Yes,FALSE,TRUE,FALSE
3/28/2013 7:09:19,Female,23-30,Master Degree or equivalent,United States,TRUE,Yes,I don't know,1000 x,0.0145,I don't know,I don't know,I don't know,Negative charge,FALSE,I do not know. ,I do not know. ,TRUE,FALSE,TRUE,Yes,Neutral,TRUE,TRUE
3/28/2013 7:15:53,Female,23-30,Bachelor Degree in Arts or equivalent,United States,TRUE,Yes,Still about 6 million years old.,1000 x,0.145,Dis-agree,This person is short,A Short sleeve shirt,Positive charge,FALSE,FALSE,TRUE,I do not know.,True ,TRUE,Yes,FALSE,TRUE,TRUE
3/28/2013 7:25:59,Female,18-22,High School or equivalent,United States,TRUE,Yes,Still about 6 million years old.,1000 x,0.145,I don't know,This person is short,A winter coat,Positive charge,FALSE,FALSE,TRUE,FALSE,True ,TRUE,Yes,FALSE,TRUE,Not sure
3/28/2013 7:29:47,Female,More than 60 years old,Ph.D. or equivalent,United States,TRUE,Yes,Still about 6 million years old.,1000 x,0.145,Dis-agree,This person is short,A light jacket,Positive charge,FALSE,FALSE,TRUE,FALSE,True ,TRUE,No,FALSE,TRUE,TRUE
3/28/2013 7:43:26,Female,51-55,Ph.D. or equivalent,United States,Wrong,Yes,Still about 6 million years old.,1000 x,0.145,Dis-agree,This person is short,A Short sleeve shirt,Positive charge,FALSE,FALSE,TRUE,FALSE,True ,TRUE,No,FALSE,TRUE,TRUE
3/28/2013 7:44:15,Male,23-30,High School or equivalent,United States,TRUE,Yes,Still about 6 million years old.,100 x,1.45,Dis-agree,This person is short,A Short sleeve shirt,Neutron,FALSE,FALSE,TRUE,TRUE,FALSE,TRUE,No,FALSE,TRUE,Not sure
3/28/2013 7:45:17,Female,More than 60 years old,Ph.D. or equivalent,United States,TRUE,Yes,Still about 6 million years old.,1000 x,0.0145,I don't know,This person is short,A light jacket,Positive charge,TRUE,FALSE,TRUE,FALSE,True ,TRUE,No,FALSE,Not sure,FALSE
3/28/2013 7:53:09,Female,23-30,Bachelor Degree in Arts or equivalent,United States,Wrong,No,6 million and 5 years old,1000 x,1.45,I don't know,This person is short,A light jacket,Neutron,FALSE,FALSE,TRUE,FALSE,True ,TRUE,No,TRUE,TRUE,TRUE
3/28/2013 8:05:44,Female,18-22,High School or equivalent,Ghana,TRUE,I don't know.,I don't know,1000 x,0.145,I don't know,I don't know,I don't know,Positive charge,I do not know.,I do not know. ,TRUE,TRUE,I do no know. ,TRUE,No,Neutral,TRUE,Not sure
3/28/2013 8:09:49,Female,23-30,Ph.D. or equivalent,United States,TRUE,Yes,Still about 6 million years old.,1000 x,0.145,Dis-agree,This person is short,A Short sleeve shirt,Positive charge,FALSE,FALSE,TRUE,FALSE,True ,TRUE,Yes,FALSE,TRUE,TRUE
3/28/2013 8:09:51,Female,18-22,Bachelor Degree in Science or equivalent,United States,TRUE,I don't know.,6 million and 5 years old,1000 x,0.145,I don't know,I don't know,A light jacket,Positive charge,FALSE,FALSE,TRUE,FALSE,True ,TRUE,No,FALSE,TRUE,Not sure
3/28/2013 8:12:38,Male,51-55,Ph.D. or equivalent,United States,Wrong,Yes,Still about 6 million years old.,1000 x,0.145,Dis-agree,This person is short,A Short sleeve shirt,Positive charge,FALSE,FALSE,TRUE,FALSE,FALSE,TRUE,I do not know,FALSE,TRUE,TRUE
3/28/2013 8:28:19,Female,18-22,Bachelor Degree in Science or equivalent,Guyana,TRUE,Yes,Still about 6 million years old.,1000 x,0.145,Dis-agree,This person is short,A Short sleeve shirt,Positive charge,FALSE,FALSE,TRUE,FALSE,True ,TRUE,Yes,FALSE,Not sure,Not sure
3/28/2013 9:07:03,Male,56-60,Ph.D. or equivalent,United States,TRUE,Yes,Still about 6 million years old.,1000 x,,Dis-agree,This person is tall,A Short sleeve shirt,Positive charge,FALSE,FALSE,TRUE,FALSE,True ,TRUE,No,FALSE,TRUE,FALSE
3/28/2013 9:07:04,Female,41-50,Master Degree or equivalent,United States,TRUE,I don't know.,6 million and 5 years old,1000 x,0.145,I don't know,This person is short,A Short sleeve shirt,Neutron,TRUE,FALSE,TRUE,FALSE,True ,TRUE,Yes,FALSE,TRUE,FALSE
3/28/2013 9:11:46,Female,More than 60 years old,Ph.D. or equivalent,United States,Wrong,No,6 million and 5 years old,100 x,0.0145,I don't know,,I don't know,Neutron,TRUE,FALSE,TRUE,TRUE,True ,TRUE,Yes,FALSE,TRUE,FALSE
3/28/2013 9:46:50,Female,18-22,Bachelor Degree in Science or equivalent,United States,TRUE,Yes,I don't know,1000 x,0.145,I don't know,I don't know,A winter coat,Positive charge,FALSE,I do not know. ,TRUE,FALSE,True ,TRUE,I do not know,FALSE,TRUE,FALSE
3/28/2013 9:49:48,Female,18-22,Bachelor Degree in Science or equivalent,United States,TRUE,I don't know.,6 million and 5 years old,1000 x,0.145,Dis-agree,This person is short,A Short sleeve shirt,Positive charge,TRUE,I do not know. ,TRUE,TRUE,True ,TRUE,No,FALSE,TRUE,TRUE
3/28/2013 9:52:41,Female,18-22,Bachelor Degree in Science or equivalent,United States,Wrong,Yes,Still about 6 million years old.,1000 x,0.145,Agree,This person is tall,A Short sleeve shirt,Positive charge,TRUE,FALSE,TRUE,FALSE,True ,TRUE,Yes,FALSE,TRUE,Not sure
3/28/2013 9:55:38,Female,41-50,Master Degree or equivalent,United States,TRUE,Yes,Still about 6 million years old.,1000 x,1.45,Dis-agree,This person is tall,A Short sleeve shirt,Negative charge,FALSE,FALSE,TRUE,FALSE,I do no know. ,TRUE,No,FALSE,TRUE,TRUE
3/28/2013 11:29:07,Male,More than 60 years old,Ph.D. or equivalent,United States,Wrong,Yes,6 million and 5 years old,100 x,0.145,Dis-agree,This person is short,A Short sleeve shirt,Negative charge,FALSE,FALSE,TRUE,FALSE,True ,TRUE,No,FALSE,Not sure,TRUE
3/28/2013 11:44:43,Male,56-60,Ph.D. or equivalent,United States,TRUE,Yes,Still about 6 million years old.,1000 x,0.145,Dis-agree,This person is short,A Short sleeve shirt,Positive charge,FALSE,FALSE,TRUE,FALSE,True ,TRUE,No,FALSE,Not sure,Not sure
3/28/2013 11:54:38,Male,51-55,Ph.D. or equivalent,United States,Wrong,Yes,Still about 6 million years old.,1000 x,0.145,Dis-agree,This person is short,A Short sleeve shirt,Positive charge,FALSE,FALSE,TRUE,FALSE,True ,TRUE,I do not know,FALSE,TRUE,TRUE
3/28/2013 12:25:10,Female,18-22,Ph.D. or equivalent,Senegal,TRUE,Yes,6 million and 5 years old,1000 x,0.145,I don't know,I don't know,A Short sleeve shirt,Negative charge,FALSE,FALSE,TRUE,TRUE,True ,TRUE,No,FALSE,TRUE,FALSE
3/28/2013 13:14:43,Male,18-22,Bachelor Degree in Arts or equivalent,United States,TRUE,Yes,Still about 6 million years old.,1000 x,0.145,Dis-agree,This person is short,A Short sleeve shirt,Positive charge,FALSE,FALSE,TRUE,FALSE,True ,TRUE,No,TRUE,TRUE,TRUE
3/28/2013 14:05:34,Male,41-50,Master Degree or equivalent,United Kingdom,TRUE,Yes,6 million and 5 years old,1000 x,0.145,Dis-agree,This person is short,A winter coat,Positive charge,I do not know.,I do not know. ,TRUE,FALSE,FALSE,TRUE,No,Neutral,TRUE,TRUE
3/28/2013 14:18:56,Female,23-30,Ph.D. or equivalent,United States,TRUE,Yes,Still about 6 million years old.,1000 x,0.145,Dis-agree,This person is short,A Short sleeve shirt,Positive charge,FALSE,FALSE,TRUE,FALSE,True ,TRUE,No,FALSE,TRUE,TRUE
3/28/2013 17:24:58,Female,18-22,Bachelor Degree in Arts or equivalent,United States,TRUE,No,Still about 6 million years old.,100 x,145000,Agree,This person is short,A Short sleeve shirt,Electricity ,FALSE,TRUE,TRUE,TRUE,True ,TRUE,No,Maybe,FALSE,FALSE
3/28/2013 17:46:15,Male,51-55,Ph.D. or equivalent,United States,TRUE,Yes,6 million and 5 years old,1000 x,0.145,Dis-agree,This person is short,A Short sleeve shirt,Positive charge,FALSE,FALSE,TRUE,FALSE,True ,TRUE,No,FALSE,TRUE,TRUE
3/28/2013 23:28:48,Male,More than 60 years old,Master Degree or equivalent,United States,TRUE,Yes,Still about 6 million years old.,1000 x,0.145,Dis-agree,This person is short,A Short sleeve shirt,Positive charge,FALSE,FALSE,TRUE,FALSE,True ,TRUE,No,FALSE,TRUE,TRUE
3/28/2013 23:32:47,Male,41-50,Master Degree or equivalent,United States,TRUE,I don't know.,I don't know,1000 x,0.145,Dis-agree,I don't know,I don't know,Positive charge,FALSE,FALSE,TRUE,FALSE,True ,TRUE,I do not know,FALSE,TRUE,Not sure
3/29/2013 3:18:36,Male,More than 60 years old,Bachelor Degree in Science or equivalent,France,Wrong,Yes,Still about 6 million years old.,1000 x,0.145,I don't know,This person is short,A Short sleeve shirt,Positive charge,FALSE,FALSE,TRUE,FALSE,True ,FALSE,No,FALSE,TRUE,TRUE
3/29/2013 4:39:40,Male,More than 60 years old,Master Degree or equivalent,South Africa,TRUE,Yes,Still about 6 million years old.,1000 x,0.145,Dis-agree,This person is short,A Short sleeve shirt,Positive charge,FALSE,FALSE,TRUE,FALSE,True ,TRUE,I do not know,FALSE,TRUE,Not sure
3/29/2013 5:31:58,Male,More than 60 years old,Master Degree or equivalent,United States,TRUE,Yes,Still about 6 million years old.,1000 x,0.145,Dis-agree,This person is short,A Short sleeve shirt,Positive charge,FALSE,FALSE,TRUE,FALSE,True ,TRUE,No,FALSE,TRUE,TRUE
3/29/2013 5:42:30,Male,31-40,M.D. or equivalent,Poland,TRUE,Yes,Still about 6 million years old.,1000 x,0.145,Dis-agree,This person is short,A Short sleeve shirt,Positive charge,FALSE,FALSE,TRUE,FALSE,True ,TRUE,No,FALSE,TRUE,TRUE
3/29/2013 6:10:55,Male,More than 60 years old,High School or equivalent,Kenya,TRUE,Yes,6 million and 5 years old,1000 x,0.145,Agree,This person is short,A Short sleeve shirt,Neutron,FALSE,FALSE,TRUE,FALSE,I do no know. ,TRUE,No,FALSE,TRUE,TRUE
3/29/2013 6:34:41,Male,31-40,High School or equivalent,United States,TRUE,I don't know.,Still about 6 million years old.,1000 x,0.145,Dis-agree,This person is short,A Short sleeve shirt,Positive charge,FALSE,FALSE,TRUE,FALSE,True ,TRUE,Yes,FALSE,TRUE,TRUE
3/29/2013 7:08:44,Male,31-40,Bachelor Degree in Science or equivalent,United States,TRUE,Yes,Still about 6 million years old.,1000 x,0.145,Dis-agree,This person is short,A Short sleeve shirt,Positive charge,FALSE,FALSE,TRUE,FALSE,True ,TRUE,Yes,FALSE,TRUE,TRUE
3/29/2013 7:22:27,Male,56-60,High School or equivalent,Kenya,Wrong,Yes,6 million and 5 years old,100 x,0.145,Agree,This person is short,A Short sleeve shirt,Neutron,FALSE,FALSE,TRUE,FALSE,I do no know. ,TRUE,No,FALSE,TRUE,TRUE
3/29/2013 8:14:17,Male,56-60,Bachelor Degree in Science or equivalent,South Africa,TRUE,Yes,6 million and 5 years old,1000 x,0.145,Dis-agree,This person is short,A Short sleeve shirt,Positive charge,FALSE,FALSE,TRUE,FALSE,True ,TRUE,No,FALSE,TRUE,TRUE
3/29/2013 8:23:10,Female,56-60,High School or equivalent,United Kingdom,TRUE,Yes,6 million and 5 years old,1000 x,0.145,Agree,This person is short,A Short sleeve shirt,Positive charge,FALSE,TRUE,TRUE,TRUE,True ,TRUE,No,TRUE,TRUE,TRUE
3/29/2013 8:23:37,Female,56-60,High School or equivalent,United Kingdom,TRUE,Yes,6 million and 5 years old,1000 x,0.145,Agree,This person is short,A Short sleeve shirt,Positive charge,FALSE,TRUE,TRUE,TRUE,True ,TRUE,No,TRUE,TRUE,TRUE
3/29/2013 9:03:08,Male,56-60,Bachelor Degree in Science or equivalent,United States,TRUE,Yes,6 million and 5 years old,1000 x,0.145,Agree,This person is short,A Short sleeve shirt,Positive charge,FALSE,FALSE,TRUE,I do not know.,True ,TRUE,No,FALSE,FALSE,FALSE
3/29/2013 11:02:02,Male,41-50,Master Degree or equivalent,United States,TRUE,Yes,Still about 6 million years old.,1000 x,0.145,I don't know,This person is short,I don't know,Neutron,FALSE,I do not know. ,TRUE,I do not know.,True ,TRUE,Yes,FALSE,TRUE,TRUE
3/29/2013 11:22:17,Male,41-50,Ph.D. or equivalent,United States,TRUE,Yes,Still about 6 million years old.,1000 x,0.145,Dis-agree,This person is short,A Short sleeve shirt,Positive charge,FALSE,FALSE,TRUE,FALSE,True ,TRUE,No,TRUE,TRUE,TRUE
3/29/2013 13:25:25,Male,More than 60 years old,Master Degree or equivalent,Syria,TRUE,Yes,Still about 6 million years old.,1000 x,0.145,Dis-agree,This person is short,A Short sleeve shirt,Positive charge,FALSE,FALSE,TRUE,FALSE,True ,TRUE,No,FALSE,TRUE,Not sure
3/29/2013 14:12:33,Male,51-55,Master Degree or equivalent,United States,TRUE,I don't know.,Still about 6 million years old.,1000 x,0.145,Dis-agree,This person is short,A Short sleeve shirt,Positive charge,FALSE,FALSE,TRUE,FALSE,True ,TRUE,No,FALSE,TRUE,TRUE
3/29/2013 14:33:45,Male,More than 60 years old,Ph.D. or equivalent,United States,TRUE,Yes,Still about 6 million years old.,1000 x,0.145,Dis-agree,This person is short,A Short sleeve shirt,Positive charge,FALSE,FALSE,TRUE,TRUE,True ,TRUE,No,FALSE,TRUE,TRUE
3/29/2013 16:25:34,Female,31-40,Ph.D. or equivalent,United States,TRUE,Yes,Still about 6 million years old.,1000 x,0.145,I don't know,This person is short,A light jacket,Positive charge,TRUE,TRUE,TRUE,FALSE,True ,TRUE,Yes,Maybe,Not sure,Not sure
3/29/2013 16:32:02,Male,31-40,High School or equivalent,United States,TRUE,Yes,Still about 6 million years old.,1000 x,0.0145,I don't know,This person is short,A Short sleeve shirt,Positive charge,FALSE,FALSE,TRUE,TRUE,True ,TRUE,Yes,FALSE,Not sure,Not sure
3/29/2013 16:34:21,Female,More than 60 years old,Bachelor Degree in Arts or equivalent,United States,Wrong,Yes,Still about 6 million years old.,10 x,1.45,Dis-agree,This person is short,A Short sleeve shirt,Negative charge,FALSE,FALSE,TRUE,FALSE,FALSE,TRUE,No,FALSE,TRUE,TRUE
3/29/2013 17:21:24,Do not wish to answer,51-55,Ph.D. or equivalent,United States,TRUE,Yes,Still about 6 million years old.,1000 x,0.145,Dis-agree,This person is short,A light jacket,Positive charge,FALSE,FALSE,TRUE,FALSE,True ,TRUE,I do not know,TRUE,TRUE,Not sure
3/29/2013 18:33:49,Male,41-50,Bachelor Degree in Science or equivalent,Poland,TRUE,Yes,Still about 6 million years old.,1000 x,0.145,I don't know,This person is short,A Short sleeve shirt,Positive charge,FALSE,FALSE,TRUE,FALSE,True ,TRUE,No,Neutral,TRUE,TRUE
3/29/2013 20:10:51,Male,41-50,High School or equivalent,United States,TRUE,Yes,6 million and 5 years old,1000 x,0.145,I don't know,This person is short,A Short sleeve shirt,Positive charge,FALSE,FALSE,TRUE,I do not know.,True ,TRUE,No,FALSE,Not sure,TRUE
3/29/2013 21:42:10,Male,18-22,Bachelor Degree in Science or equivalent,United States,TRUE,Yes,Still about 6 million years old.,1000 x,0.145,I don't know,I don't know,A Short sleeve shirt,Positive charge,FALSE,I do not know. ,TRUE,FALSE,I do no know. ,TRUE,No,FALSE,TRUE,TRUE
3/30/2013 9:50:20,Male,31-40,Ph.D. or equivalent,China,TRUE,Yes,Still about 6 million years old.,1000 x,0.145,Dis-agree,This person is short,A Short sleeve shirt,Negative charge,FALSE,FALSE,TRUE,FALSE,True ,TRUE,No,FALSE,TRUE,TRUE
3/30/2013 11:41:27,Female,18-22,Bachelor Degree in Arts or equivalent,,TRUE,I don't know.,Still about 6 million years old.,100 x,1.45,Dis-agree,This person is short,I don't know,Positive charge,FALSE,FALSE,TRUE,TRUE,I do no know. ,TRUE,Yes,Maybe,TRUE,Not sure
3/30/2013 12:20:40,Male,51-55,Bachelor Degree in Arts or equivalent,United States,TRUE,Yes,Still about 6 million years old.,1000 x,0.145,Dis-agree,This person is short,A Short sleeve shirt,Positive charge,FALSE,FALSE,TRUE,FALSE,True ,TRUE,No,FALSE,TRUE,TRUE
3/30/2013 12:30:33,Female,41-50,High School or equivalent,United States,I don't know.,Yes,Still about 6 million years old.,1000 x,0.0145,Agree,I don't know,I don't know,Negative charge,I do not know.,I do not know. ,TRUE,FALSE,FALSE,TRUE,No,TRUE,TRUE,FALSE
3/30/2013 13:11:47,Male,41-50,Bachelor Degree in Science or equivalent,United Kingdom,TRUE,Yes,Still about 6 million years old.,1000 x,0.145,I don't know,This person is short,A Short sleeve shirt,Positive charge,FALSE,FALSE,TRUE,FALSE,True ,TRUE,I do not know,TRUE,TRUE,TRUE
3/30/2013 13:12:05,Female,41-50,Master Degree or equivalent,Russian Federation,Wrong,Yes,Still about 6 million years old.,,0.145,I don't know,This person is short,A Short sleeve shirt,Positive charge,FALSE,FALSE,TRUE,FALSE,True ,TRUE,No,FALSE,Not sure,Not sure
3/30/2013 13:18:26,Male,41-50,Ph.D. or equivalent,Russian Federation,TRUE,Yes,6 million and 5 years old,1000 x,0.145,Dis-agree,This person is short,A Short sleeve shirt,Positive charge,FALSE,FALSE,TRUE,TRUE,True ,TRUE,No,TRUE,TRUE,TRUE
3/30/2013 13:39:11,Male,More than 60 years old,Bachelor Degree in Science or equivalent,United Kingdom,TRUE,Yes,6 million and 5 years old,1000 x,0.145,Dis-agree,This person is short,A Short sleeve shirt,Positive charge,FALSE,FALSE,TRUE,FALSE,True ,TRUE,No,FALSE,TRUE,TRUE
3/30/2013 14:04:25,Male,More than 60 years old,Master Degree or equivalent,United States,TRUE,Yes,Still about 6 million years old.,1000 x,0.145,Dis-agree,This person is tall,A Short sleeve shirt,Positive charge,FALSE,FALSE,TRUE,FALSE,True ,TRUE,No,FALSE,TRUE,TRUE
3/30/2013 14:12:40,Male,18-22,Bachelor Degree in Science or equivalent,United States,TRUE,Yes,6 million and 5 years old,1000 x,0.145,Dis-agree,This person is short,A light jacket,Negative charge,FALSE,FALSE,TRUE,TRUE,True ,TRUE,No,FALSE,TRUE,TRUE
3/30/2013 14:41:30,Male,56-60,Bachelor Degree in Science or equivalent,United States,TRUE,Yes,6 million and 5 years old,1000 x,0.145,Dis-agree,This person is short,A light jacket,Neutron,TRUE,FALSE,TRUE,FALSE,True ,TRUE,No,FALSE,TRUE,TRUE
3/30/2013 14:43:02,Male,41-50,High School or equivalent,United Kingdom,Wrong,Yes,Still about 6 million years old.,1000 x,1.45,I don't know,This person is tall,A Short sleeve shirt,Neutron,I do not know.,FALSE,TRUE,FALSE,True ,TRUE,I do not know,Maybe,TRUE,TRUE
3/30/2013 16:26:35,Male,More than 60 years old,High School or equivalent,United States,Wrong,Yes,Still about 6 million years old.,1000 x,1.45,I don't know,This person is tall,A Short sleeve shirt,Neutron,FALSE,FALSE,TRUE,FALSE,True ,FALSE,No,FALSE,TRUE,TRUE
3/30/2013 16:47:20,Male,51-55,High School or equivalent,United States,TRUE,Yes,6 million and 5 years old,1000 x,0.145,Dis-agree,This person is short,A Short sleeve shirt,Positive charge,FALSE,FALSE,TRUE,FALSE,True ,TRUE,No,FALSE,TRUE,TRUE
3/30/2013 17:18:51,Female,18-22,Bachelor Degree in Science or equivalent,United States,Wrong,Yes,Still about 6 million years old.,1000 x,0.0145,Agree,I don't know,A light jacket,Positive charge,FALSE,I do not know. ,TRUE,TRUE,True ,TRUE,I do not know,FALSE,TRUE,TRUE
3/30/2013 17:35:30,Male,31-40,Master Degree or equivalent,Australia,TRUE,Yes,Still about 6 million years old.,1000 x,0.0145,Dis-agree,This person is short,A Short sleeve shirt,Positive charge,FALSE,I do not know. ,TRUE,FALSE,FALSE,TRUE,No,FALSE,TRUE,TRUE
3/30/2013 17:56:44,Male,56-60,Bachelor Degree in Arts or equivalent,United States,TRUE,Yes,Still about 6 million years old.,1000 x,0.145,Dis-agree,This person is short,A Short sleeve shirt,Positive charge,FALSE,FALSE,TRUE,FALSE,True ,TRUE,No,FALSE,TRUE,TRUE
3/30/2013 18:11:15,Male,56-60,Ph.D. or equivalent,United States,I don't know.,Yes,Still about 6 million years old.,1000 x,0.145,I don't know,This person is short,A Short sleeve shirt,Neutron,FALSE,TRUE,I do not know. ,FALSE,FALSE,I do not know.,No,FALSE,TRUE,TRUE
3/30/2013 18:25:03,Male,51-55,Bachelor Degree in Science or equivalent,United States,TRUE,Yes,Still about 6 million years old.,1000 x,0.145,Dis-agree,This person is short,A Short sleeve shirt,Positive charge,FALSE,FALSE,TRUE,FALSE,True ,TRUE,No,FALSE,Not sure,Not sure
3/30/2013 18:30:31,Male,41-50,High School or equivalent,United States,TRUE,Yes,Still about 6 million years old.,1000 x,0.145,Dis-agree,This person is short,A Short sleeve shirt,Positive charge,FALSE,FALSE,TRUE,I do not know.,True ,TRUE,No,FALSE,TRUE,TRUE
3/30/2013 19:14:59,Male,31-40,Bachelor Degree in Arts or equivalent,Canada,TRUE,Yes,6 million and 5 years old,1000 x,0.145,Dis-agree,This person is short,A Short sleeve shirt,Negative charge,FALSE,FALSE,TRUE,FALSE,True ,TRUE,No,FALSE,TRUE,TRUE
3/30/2013 19:18:34,Male,23-30,Master Degree or equivalent,India,TRUE,Yes,6 million and 5 years old,1000 x,0.145,Dis-agree,I don't know,A Short sleeve shirt,Positive charge,FALSE,FALSE,TRUE,FALSE,True ,TRUE,No,FALSE,TRUE,TRUE
3/30/2013 19:43:26,Male,51-55,Bachelor Degree in Arts or equivalent,United States,TRUE,Yes,Still about 6 million years old.,100 x,0.145,Dis-agree,This person is short,A Short sleeve shirt,Positive charge,FALSE,FALSE,TRUE,FALSE,True ,TRUE,No,FALSE,TRUE,TRUE
3/30/2013 19:47:37,Male,31-40,Ph.D. or equivalent,United States,TRUE,Yes,Still about 6 million years old.,,0.145,Dis-agree,This person is short,A light jacket,Positive charge,FALSE,FALSE,TRUE,FALSE,True ,TRUE,No,FALSE,Not sure,TRUE
3/30/2013 20:13:35,Male,31-40,Bachelor Degree in Science or equivalent,Australia,TRUE,Yes,Still about 6 million years old.,1000 x,0.145,Dis-agree,This person is short,A Short sleeve shirt,Positive charge,FALSE,FALSE,TRUE,FALSE,True ,TRUE,Yes,FALSE,TRUE,Not sure
3/30/2013 22:01:05,Male,18-22,Bachelor Degree in Science or equivalent,Australia,TRUE,Yes,Still about 6 million years old.,1000 x,0.145,Dis-agree,This person is short,A Short sleeve shirt,Positive charge,FALSE,FALSE,TRUE,FALSE,True ,TRUE,No,Neutral,TRUE,TRUE
3/30/2013 22:02:00,Male,18-22,Bachelor Degree in Science or equivalent,United States,TRUE,Yes,Still about 6 million years old.,1000 x,0.0145,Dis-agree,This person is short,A Short sleeve shirt,Negative charge,FALSE,FALSE,TRUE,FALSE,FALSE,TRUE,No,FALSE,TRUE,TRUE
3/30/2013 22:18:59,Male,23-30,Bachelor Degree in Arts or equivalent,United States,TRUE,Yes,Still about 6 million years old.,1000 x,0.145,Dis-agree,This person is short,A Short sleeve shirt,Positive charge,FALSE,FALSE,TRUE,FALSE,,TRUE,No,TRUE,TRUE,TRUE
3/31/2013 0:23:35,Male,23-30,Bachelor Degree in Science or equivalent,United States,TRUE,Yes,Still about 6 million years old.,1000 x,0.145,Dis-agree,This person is short,A Short sleeve shirt,Positive charge,FALSE,FALSE,TRUE,FALSE,True ,TRUE,No,FALSE,TRUE,TRUE
3/31/2013 1:45:07,Male,51-55,Bachelor Degree in Arts or equivalent,United States,TRUE,Yes,6 million and 5 years old,1000 x,1.45,Agree,This person is tall,A Short sleeve shirt,Positive charge,FALSE,FALSE,TRUE,FALSE,True ,TRUE,,Neutral,Not sure,TRUE
3/31/2013 2:00:48,Male,31-40,Bachelor Degree in Arts or equivalent,United States,Wrong,Yes,Still about 6 million years old.,1000 x,0.145,Dis-agree,This person is short,A Short sleeve shirt,Positive charge,FALSE,FALSE,TRUE,I do not know.,True ,TRUE,No,Neutral,Not sure,Not sure
3/31/2013 2:46:50,Male,31-40,Bachelor Degree in Science or equivalent,Canada,TRUE,Yes,Still about 6 million years old.,1000 x,0.145,Dis-agree,This person is short,A Short sleeve shirt,Positive charge,FALSE,FALSE,TRUE,FALSE,True ,TRUE,No,FALSE,TRUE,TRUE
3/31/2013 7:59:28,Male,31-40,Ph.D. or equivalent,Norway,TRUE,Yes,Still about 6 million years old.,1000 x,0.145,Dis-agree,This person is short,A Short sleeve shirt,Positive charge,FALSE,FALSE,TRUE,FALSE,True ,TRUE,No,FALSE,TRUE,TRUE
3/31/2013 17:21:59,Female,18-22,Bachelor Degree in Science or equivalent,United States,,Yes,Still about 6 million years old.,1000 x,0.145,Dis-agree,This person is short,A Short sleeve shirt,Positive charge,FALSE,FALSE,TRUE,FALSE,True ,TRUE,No,FALSE,TRUE,Not sure
3/31/2013 17:25:53,Male,More than 60 years old,Ph.D. or equivalent,United States,Wrong,Yes,6 million and 5 years old,1000 x,1.45,Dis-agree,This person is tall,A Short sleeve shirt,Negative charge,FALSE,FALSE,TRUE,FALSE,True ,TRUE,No,FALSE,TRUE,Not sure
3/31/2013 17:31:05,Female,31-40,Master Degree or equivalent,United States,TRUE,No,Still about 6 million years old.,1000 x,145000,Dis-agree,This person is short,A Short sleeve shirt,,FALSE,FALSE,TRUE,TRUE,True ,TRUE,No,FALSE,TRUE,Not sure
3/31/2013 19:30:12,Male,41-50,High School or equivalent,United States,TRUE,Yes,Still about 6 million years old.,1000 x,0.145,Dis-agree,This person is short,A Short sleeve shirt,Positive charge,FALSE,FALSE,TRUE,I do not know.,True ,TRUE,No,FALSE,TRUE,TRUE
3/31/2013 23:06:00,Male,18-22,Ph.D. or equivalent,United States,TRUE,Yes,Still about 6 million years old.,1000 x,0.145,Dis-agree,This person is short,A Short sleeve shirt,Positive charge,FALSE,FALSE,TRUE,FALSE,True ,TRUE,No,FALSE,TRUE,TRUE
4/1/2013 0:07:04,Male,More than 60 years old,Bachelor Degree in Arts or equivalent,United States,TRUE,No,Still about 6 million years old.,1000 x,0.0145,Dis-agree,This person is short,A winter coat,Positive charge,FALSE,FALSE,TRUE,FALSE,True ,TRUE,No,FALSE,TRUE,Not sure
4/1/2013 0:50:00,Male,56-60,High School or equivalent,United Kingdom,TRUE,Yes,Still about 6 million years old.,1000 x,0.145,Dis-agree,This person is short,A Short sleeve shirt,Positive charge,FALSE,FALSE,TRUE,FALSE,True ,TRUE,No,Maybe,TRUE,TRUE
4/1/2013 10:31:58,Male,More than 60 years old,Master Degree or equivalent,United States,TRUE,Yes,6 million and 5 years old,1000 x,0.145,I don't know,This person is short,A Short sleeve shirt,Positive charge,FALSE,FALSE,TRUE,FALSE,True ,TRUE,No,FALSE,TRUE,TRUE
4/1/2013 11:47:05,Female,23-30,Master Degree or equivalent,Lebanon,I don't know.,Yes,Still about 6 million years old.,1000 x,0.145,I don't know,This person is short,A Short sleeve shirt,Neutron,I do not know.,I do not know. ,TRUE,TRUE,I do no know. ,TRUE,I do not know,Neutral,TRUE,TRUE
4/1/2013 12:02:16,Female,18-22,Bachelor Degree in Science or equivalent,United States,TRUE,Yes,Still about 6 million years old.,1000 x,1.45,Agree,This person is short,A light jacket,Positive charge,FALSE,TRUE,TRUE,FALSE,FALSE,TRUE,Yes,FALSE,TRUE,TRUE
4/1/2013 12:31:17,Female,18-22,Bachelor Degree in Arts or equivalent,United States,Wrong,Yes,Still about 6 million years old.,1000 x,1.45,Dis-agree,This person is tall,A light jacket,Positive charge,FALSE,I do not know. ,TRUE,TRUE,True ,TRUE,Yes,Neutral,TRUE,TRUE
4/1/2013 15:30:22,Male,18-22,Bachelor Degree in Arts or equivalent,United States,TRUE,Yes,6 million and 5 years old,1000 x,0.0145,Agree,I don't know,A Short sleeve shirt,Neutron,TRUE,FALSE,TRUE,TRUE,True ,TRUE,No,FALSE,Not sure,Not sure
4/1/2013 15:32:50,Female,18-22,Bachelor Degree in Arts or equivalent,United States,I don't know.,I don't know.,6 million and 5 years old,100 x,1.45,I don't know,This person is tall,A light jacket,Positive charge,FALSE,FALSE,TRUE,TRUE,FALSE,I do not know.,No,Neutral,TRUE,Not sure
4/1/2013 15:35:07,Male,31-40,Ph.D. or equivalent,China,TRUE,I don't know.,Still about 6 million years old.,1000 x,1.45,Dis-agree,I don't know,A Short sleeve shirt,Electricity ,FALSE,FALSE,TRUE,I do not know.,FALSE,FALSE,I do not know,FALSE,Not sure,Not sure
4/1/2013 15:36:00,Female,23-30,Bachelor Degree in Arts or equivalent,United States,I don't know.,Yes,Still about 6 million years old.,1000 x,0.0145,I don't know,This person is tall,A Short sleeve shirt,Negative charge,FALSE,FALSE,TRUE,FALSE,I do no know. ,I do not know.,No,FALSE,TRUE,TRUE
4/1/2013 15:37:11,Female,18-22,Bachelor Degree in Arts or equivalent,United States,TRUE,I don't know.,6 million and 5 years old,100 x,1.45,Agree,This person is short,A light jacket,Positive charge,TRUE,TRUE,I do not know. ,TRUE,True ,TRUE,No,FALSE,Not sure,FALSE
4/1/2013 15:39:12,Male,18-22,Bachelor Degree in Arts or equivalent,United States,Wrong,No,Still about 6 million years old.,1000 x,0.145,Dis-agree,This person is short,A Short sleeve shirt,Positive charge,FALSE,FALSE,TRUE,FALSE,True ,TRUE,No,FALSE,TRUE,Not sure
4/1/2013 16:25:24,Female,More than 60 years old,Master Degree or equivalent,United States,I don't know.,No,6 million and 5 years old,1000 x,0.0145,Dis-agree,This person is short,A Short sleeve shirt,Negative charge,FALSE,TRUE,TRUE,FALSE,True ,TRUE,Yes,FALSE,TRUE,TRUE
4/2/2013 7:58:36,Female,18-22,Ph.D. or equivalent,United States,TRUE,Yes,Still about 6 million years old.,100 x,0.145,I don't know,This person is short,A Short sleeve shirt,Positive charge,TRUE,I do not know. ,TRUE,TRUE,FALSE,TRUE,Yes,TRUE,TRUE,Not sure
4/2/2013 8:01:36,Male,31-40,High School or equivalent,Australia,TRUE,Yes,Still about 6 million years old.,1000 x,0.145,Dis-agree,This person is short,A Short sleeve shirt,Positive charge,FALSE,FALSE,TRUE,FALSE,True ,TRUE,No,FALSE,TRUE,Not sure
4/2/2013 12:17:33,Male,23-30,Bachelor Degree in Science or equivalent,Australia,TRUE,Yes,Still about 6 million years old.,1000 x,0.145,Dis-agree,This person is short,A Short sleeve shirt,Positive charge,FALSE,FALSE,TRUE,FALSE,True ,TRUE,No,TRUE,TRUE,Not sure
4/3/2013 6:12:57,Male,More than 60 years old,High School or equivalent,New Zealand,TRUE,Yes,Still about 6 million years old.,1000 x,0.145,Agree,This person is short,A Short sleeve shirt,Positive charge,FALSE,FALSE,TRUE,TRUE,True ,TRUE,Yes,FALSE,TRUE,TRUE
4/3/2013 9:43:46,Male,More than 60 years old,Master Degree or equivalent,United States,Wrong,Yes,Still about 6 million years old.,1000 x,0.145,Dis-agree,This person is short,A Short sleeve shirt,Positive charge,TRUE,FALSE,TRUE,FALSE,True ,TRUE,No,FALSE,TRUE,TRUE
4/3/2013 17:02:56,Female,18-22,Bachelor Degree in Science or equivalent,United States,TRUE,Yes,Still about 6 million years old.,1000 x,0.145,Dis-agree,This person is short,A Short sleeve shirt,Positive charge,FALSE,FALSE,TRUE,FALSE,True ,TRUE,No,FALSE,TRUE,FALSE
4/3/2013 17:45:26,Female,23-30,Bachelor Degree in Arts or equivalent,United States,Wrong,I don't know.,6 million and 5 years old,1000 x,0.145,I don't know,This person is short,A light jacket,Positive charge,I do not know.,FALSE,TRUE,FALSE,FALSE,TRUE,I do not know,FALSE,TRUE,Not sure
4/4/2013 7:10:39,Male,41-50,High School or equivalent,United States,TRUE,I don't know.,Still about 6 million years old.,1000 x,1.45,Agree,This person is short,A light jacket,Positive charge,FALSE,FALSE,TRUE,FALSE,True ,TRUE,Yes,Neutral,Not sure,Not sure
4/4/2013 12:02:30,Male,More than 60 years old,Bachelor Degree in Arts or equivalent,United States,TRUE,Yes,6 million and 5 years old,1000 x,0.0145,Dis-agree,I don't know,A Short sleeve shirt,Neutron,FALSE,FALSE,TRUE,FALSE,True ,TRUE,No,FALSE,TRUE,Not sure
4/4/2013 12:39:09,Male,More than 60 years old,M.D. or equivalent,United States,TRUE,Yes,Still about 6 million years old.,1000 x,0.145,Dis-agree,This person is short,A winter coat,Positive charge,FALSE,FALSE,TRUE,TRUE,True ,TRUE,No,FALSE,TRUE,TRUE
4/5/2013 18:04:03,Male,18-22,Bachelor Degree in Science or equivalent,United States,TRUE,Yes,Still about 6 million years old.,1000 x,0.145,Dis-agree,I don't know,A Short sleeve shirt,Positive charge,FALSE,FALSE,TRUE,FALSE,True ,TRUE,No,FALSE,TRUE,TRUE
4/6/2013 11:17:50,Female,41-50,Ph.D. or equivalent,United States,TRUE,I don't know.,,1000 x,1.45,Dis-agree,This person is short,,Negative charge,TRUE,I do not know. ,TRUE,FALSE,FALSE,FALSE,No,Maybe,FALSE,Not sure
4/6/2013 11:19:52,Female,31-40,Ph.D. or equivalent,China,TRUE,Yes,Still about 6 million years old.,1000 x,0.145,Dis-agree,This person is short,A Short sleeve shirt,Positive charge,FALSE,FALSE,TRUE,FALSE,True ,TRUE,No,FALSE,TRUE,TRUE
4/6/2013 11:21:32,Female,31-40,Ph.D. or equivalent,Poland,TRUE,Yes,6 million and 5 years old,1000 x,0.145,Dis-agree,This person is short,A Short sleeve shirt,Positive charge,FALSE,FALSE,TRUE,FALSE,True ,TRUE,,FALSE,Not sure,Not sure
4/6/2013 11:23:20,Female,31-40,Ph.D. or equivalent,United States,TRUE,Yes,Still about 6 million years old.,1000 x,0.145,Dis-agree,This person is short,A Short sleeve shirt,Positive charge,FALSE,FALSE,TRUE,FALSE,True ,TRUE,No,TRUE,TRUE,FALSE
4/6/2013 11:24:51,Male,51-55,Ph.D. or equivalent,United States,TRUE,Yes,Still about 6 million years old.,1000 x,0.145,Dis-agree,This person is short,A Short sleeve shirt,Positive charge,FALSE,I do not know. ,TRUE,FALSE,True ,TRUE,No,FALSE,TRUE,TRUE
4/6/2013 11:29:23,Female,41-50,Ph.D. or equivalent,Ethiopia,TRUE,Yes,Still about 6 million years old.,1000 x,0.145,Dis-agree,This person is short,A Short sleeve shirt,Positive charge,FALSE,FALSE,TRUE,FALSE,True ,TRUE,No,,TRUE,TRUE
4/6/2013 12:38:21,Female,18-22,Bachelor Degree in Arts or equivalent,United States,Wrong,I don't know.,6 million and 5 years old,1000 x,1.45,Agree,This person is tall,A Short sleeve shirt,Positive charge,FALSE,FALSE,I do not know. ,FALSE,I do no know. ,FALSE,Yes,Neutral,Not sure,FALSE
4/7/2013 3:08:22,Male,More than 60 years old,Bachelor Degree in Science or equivalent,United States,Wrong,Yes,Still about 6 million years old.,1000 x,0.145,Dis-agree,This person is short,A Short sleeve shirt,Positive charge,FALSE,FALSE,TRUE,FALSE,True ,TRUE,No,FALSE,TRUE,TRUE
4/7/2013 15:55:55,Female,56-60,Master Degree or equivalent,United States,Wrong,Yes,6 million and 5 years old,1000 x,0.145,Dis-agree,I don't know,A light jacket,Positive charge,TRUE,FALSE,TRUE,FALSE,True ,TRUE,No,FALSE,TRUE,TRUE
4/7/2013 16:01:12,Male,More than 60 years old,Bachelor Degree in Science or equivalent,United States,TRUE,Yes,6 million and 5 years old,1000 x,0.145,Dis-agree,This person is short,A winter coat,Negative charge,TRUE,FALSE,TRUE,TRUE,True ,TRUE,No,FALSE,TRUE,TRUE
4/8/2013 19:33:38,Female,18-22,High School or equivalent,United States,TRUE,I don't know.,Still about 6 million years old.,1000 x,0.0145,I don't know,This person is tall,A light jacket,Positive charge,I do not know.,I do not know. ,TRUE,TRUE,True ,TRUE,Yes,TRUE,TRUE,TRUE
4/10/2013 16:30:25,Male,56-60,Master Degree or equivalent,United States,TRUE,Yes,Still about 6 million years old.,1000 x,1.45,Dis-agree,This person is short,A Short sleeve shirt,Positive charge,FALSE,FALSE,TRUE,FALSE,True ,TRUE,No,FALSE,TRUE,TRUE
4/10/2013 20:00:02,Male,Do not wish to answer,Bachelor Degree in Arts or equivalent,Armenia,I don't know.,I don't know.,I don't know,10 x,145000,I don't know,I don't know,I don't know,Negative charge,I do not know.,I do not know. ,I do not know. ,I do not know.,I do no know. ,I do not know.,I do not know,Neutral,TRUE,TRUE
4/15/2013 2:22:03,Male,23-30,Master Degree or equivalent,United States,TRUE,Yes,Still about 6 million years old.,1000 x,0.145,Dis-agree,This person is short,A Short sleeve shirt,Positive charge,FALSE,FALSE,TRUE,FALSE,True ,TRUE,No,FALSE,TRUE,TRUE
4/15/2013 20:21:56,Female,41-50,Ph.D. or equivalent,United States,TRUE,Yes,Still about 6 million years old.,1000 x,0.145,Dis-agree,This person is short,A Short sleeve shirt,Positive charge,FALSE,FALSE,TRUE,FALSE,True ,TRUE,No,FALSE,TRUE,TRUE
4/23/2013 18:19:59,Female,18-22,Bachelor Degree in Science or equivalent,United States,TRUE,I don't know.,Still about 6 million years old.,1000 x,145000,Dis-agree,This person is tall,A Short sleeve shirt,Electricity ,FALSE,I do not know. ,FALSE,I do not know.,FALSE,I do not know.,No,Maybe,FALSE,Not sure
4/23/2013 18:23:48,Female,18-22,Bachelor Degree in Science or equivalent,United States,TRUE,I don't know.,6 million and 5 years old,1000 x,NA,I don't know,I don't know,I don't know,Neutron,I do not know.,I do not know. ,TRUE,TRUE,FALSE,TRUE,Yes,FALSE,TRUE,Not sure
4/23/2013 18:25:57,Female,18-22,Bachelor Degree in Science or equivalent,United States,Wrong,I don't know.,I don't know,1000 x,1.45,Agree,I don't know,A Short sleeve shirt,Positive charge,FALSE,FALSE,I do not know. ,FALSE,True ,FALSE,I do not know,TRUE,Not sure,FALSE
4/23/2013 18:28:08,Female,18-22,Bachelor Degree in Science or equivalent,Trinidad & Tobago,Wrong,Yes,Still about 6 million years old.,1000 x,0.145,Dis-agree,This person is short,A winter coat,Positive charge,FALSE,FALSE,TRUE,FALSE,True ,TRUE,Yes,TRUE,TRUE,TRUE
4/23/2013 18:31:49,Female,18-22,Bachelor Degree in Science or equivalent,United States,I don't know.,I don't know.,I don't know,1000 x,145000,I don't know,I don't know,I don't know,Negative charge,FALSE,I do not know. ,TRUE,TRUE,FALSE,TRUE,No,Neutral,TRUE,Not sure
4/23/2013 18:35:09,Female,18-22,Bachelor Degree in Science or equivalent,United States,Wrong,No,6 million and 5 years old,1000 x,0.145,Dis-agree,This person is short,A Short sleeve shirt,Positive charge,FALSE,I do not know. ,TRUE,TRUE,True ,TRUE,Yes,FALSE,Not sure,FALSE
4/23/2013 18:37:13,Female,18-22,Bachelor Degree in Science or equivalent,United States,Wrong,No,Still about 6 million years old.,1000 x,0.145,Dis-agree,This person is short,A Short sleeve shirt,Positive charge,FALSE,FALSE,TRUE,FALSE,FALSE,TRUE,Yes,TRUE,TRUE,Not sure
4/23/2013 18:39:15,Female,18-22,Bachelor Degree in Arts or equivalent,United States,TRUE,I don't know.,I don't know,100 x,1.45,I don't know,I don't know,I don't know,Neutron,I do not know.,I do not know. ,TRUE,FALSE,FALSE,I do not know.,No,TRUE,TRUE,FALSE
4/23/2013 18:41:17,Female,18-22,High School or equivalent,United States,TRUE,Yes,6 million and 5 years old,1000 x,0.0145,Dis-agree,This person is short,I don't know,Neutron,TRUE,TRUE,TRUE,TRUE,True ,I do not know.,Yes,FALSE,TRUE,TRUE
4/23/2013 18:43:48,Female,18-22,High School or equivalent,United States,TRUE,Yes,Still about 6 million years old.,1000 x,1.45,Dis-agree,This person is tall,I don't know,Positive charge,TRUE,I do not know. ,TRUE,FALSE,True ,I do not know.,Yes,Neutral,Not sure,Not sure
4/24/2013 6:08:34,Female,23-30,Ph.D. or equivalent,United States,I don't know.,Yes,Still about 6 million years old.,1000 x,0.145,Agree,This person is short,A Short sleeve shirt,Positive charge,FALSE,FALSE,TRUE,FALSE,True ,TRUE,No,FALSE,Not sure,Not sure
4/25/2013 17:05:31,Female,18-22,Bachelor Degree in Science or equivalent,United States,I don't know.,I don't know.,I don't know,1000 x,1.45,Agree,This person is tall,A Short sleeve shirt,Positive charge,FALSE,FALSE,FALSE,TRUE,True ,TRUE,No,FALSE,TRUE,TRUE
4/25/2013 17:08:28,Female,18-22,Bachelor Degree in Science or equivalent,United States,TRUE,Yes,6 million and 5 years old,1000 x,1.45,I don't know,This person is short,A Short sleeve shirt,Positive charge,TRUE,I do not know. ,TRUE,FALSE,FALSE,TRUE,Yes,FALSE,TRUE,TRUE
4/25/2013 17:10:24,Female,18-22,Bachelor Degree in Science or equivalent,United States,TRUE,Yes,6 million and 5 years old,1000 x,0.145,I don't know,I don't know,A Short sleeve shirt,Negative charge,I do not know.,I do not know. ,TRUE,FALSE,True ,I do not know.,Yes,Neutral,FALSE,TRUE
4/25/2013 17:13:53,Female,18-22,Bachelor Degree in Science or equivalent,United States,I don't know.,I don't know.,6 million and 5 years old,1000 x,0.145,I don't know,This person is tall,A light jacket,Positive charge,FALSE,I do not know. ,TRUE,FALSE,True ,TRUE,I do not know,FALSE,TRUE,TRUE
4/25/2013 17:15:45,Female,18-22,Bachelor Degree in Science or equivalent,United States,I don't know.,Yes,Still about 6 million years old.,1000 x,0.145,I don't know,This person is tall,A Short sleeve shirt,Positive charge,TRUE,FALSE,TRUE,FALSE,True ,TRUE,Yes,FALSE,TRUE,Not sure
4/25/2013 17:17:27,Female,18-22,Bachelor Degree in Science or equivalent,United States,TRUE,Yes,6 million and 5 years old,1000 x,0.145,I don't know,This person is short,A light jacket,Negative charge,FALSE,FALSE,TRUE,FALSE,True ,TRUE,Yes,FALSE,TRUE,TRUE
4/25/2013 17:19:44,Female,18-22,Bachelor Degree in Science or equivalent,United States,TRUE,I don't know.,6 million and 5 years old,1000 x,0.145,I don't know,I don't know,I don't know,Positive charge,TRUE,FALSE,I do not know. ,FALSE,True ,TRUE,Yes,FALSE,TRUE,FALSE
4/25/2013 17:21:21,Female,18-22,Bachelor Degree in Science or equivalent,United States,TRUE,Yes,6 million and 5 years old,1000 x,0.145,Dis-agree,This person is short,A winter coat,Positive charge,TRUE,FALSE,TRUE,FALSE,True ,TRUE,Yes,FALSE,TRUE,TRUE
4/25/2013 17:22:57,Female,23-30,Bachelor Degree in Science or equivalent,United States,TRUE,Yes,Still about 6 million years old.,1000 x,1.45,Dis-agree,This person is short,A Short sleeve shirt,Positive charge,TRUE,FALSE,TRUE,FALSE,True ,TRUE,Yes,FALSE,TRUE,Not sure
4/25/2013 17:24:38,Female,18-22,Bachelor Degree in Science or equivalent,United States,TRUE,Yes,6 million and 5 years old,1000 x,0.145,Dis-agree,This person is short,A Short sleeve shirt,Positive charge,FALSE,I do not know. ,TRUE,FALSE,True ,TRUE,No,FALSE,TRUE,Not sure
4/25/2013 17:26:24,Female,18-22,Bachelor Degree in Science or equivalent,United States,TRUE,Yes,6 million and 5 years old,1000 x,0.145,I don't know,This person is tall,A winter coat,Positive charge,TRUE,FALSE,TRUE,FALSE,True ,TRUE,No,FALSE,Not sure,FALSE
4/25/2013 17:28:16,Female,18-22,Bachelor Degree in Science or equivalent,United States,TRUE,Yes,6 million and 5 years old,1000 x,0.145,Dis-agree,This person is short,A winter coat,Positive charge,TRUE,I do not know. ,TRUE,I do not know.,True ,TRUE,No,FALSE,TRUE,Not sure
4/25/2013 17:29:54,Female,18-22,Bachelor Degree in Science or equivalent,Bahamas,TRUE,Yes,6 million and 5 years old,1000 x,0.145,Agree,This person is short,A Short sleeve shirt,Positive charge,FALSE,FALSE,TRUE,FALSE,True ,TRUE,Yes,TRUE,TRUE,TRUE
4/25/2013 17:31:27,Female,18-22,Bachelor Degree in Science or equivalent,United States,TRUE,I don't know.,6 million and 5 years old,1000 x,1.45,I don't know,I don't know,I don't know,Negative charge,FALSE,FALSE,TRUE,TRUE,True ,TRUE,Yes,FALSE,TRUE,TRUE
4/25/2013 17:33:14,Female,18-22,Bachelor Degree in Science or equivalent,United States,TRUE,I don't know.,Still about 6 million years old.,1000 x,0.145,Dis-agree,I don't know,I don't know,Positive charge,FALSE,FALSE,TRUE,FALSE,True ,TRUE,I do not know,FALSE,TRUE,Not sure
4/25/2013 17:34:42,Female,18-22,Bachelor Degree in Science or equivalent,United States,I don't know.,I don't know.,6 million and 5 years old,1000 x,0.145,I don't know,I don't know,A Short sleeve shirt,Positive charge,I do not know.,FALSE,TRUE,TRUE,FALSE,TRUE,Yes,FALSE,TRUE,FALSE
4/25/2013 17:36:30,Female,18-22,Bachelor Degree in Science or equivalent,Trinidad & Tobago,TRUE,Yes,Still about 6 million years old.,1000 x,0.145,I don't know,This person is short,A Short sleeve shirt,Positive charge,FALSE,FALSE,TRUE,FALSE,True ,TRUE,I do not know,FALSE,TRUE,TRUE
4/25/2013 17:40:24,Female,18-22,Bachelor Degree in Science or equivalent,United States,TRUE,Yes,Still about 6 million years old.,1000 x,0.145,Dis-agree,This person is short,A Short sleeve shirt,Positive charge,FALSE,FALSE,TRUE,FALSE,True ,TRUE,No,FALSE,TRUE,Not sure
4/25/2013 17:43:31,Female,18-22,Bachelor Degree in Science or equivalent,United States,TRUE,No,6 million and 5 years old,1000 x,0.145,I don't know,I don't know,A winter coat,Positive charge,TRUE,I do not know. ,FALSE,FALSE,True ,TRUE,Yes,FALSE,TRUE,Not sure
4/25/2013 17:46:43,Female,18-22,Bachelor Degree in Science or equivalent,United States,TRUE,Yes,6 million and 5 years old,1000 x,0.145,I don't know,This person is short,A Short sleeve shirt,Negative charge,FALSE,TRUE,TRUE,FALSE,FALSE,TRUE,Yes,FALSE,TRUE,TRUE
4/25/2013 17:48:25,Female,18-22,Bachelor Degree in Science or equivalent,United States,TRUE,No,6 million and 5 years old,1000 x,1.45,Agree,This person is short,A Short sleeve shirt,Neutron,FALSE,FALSE,TRUE,FALSE,True ,TRUE,I do not know,FALSE,TRUE,FALSE
5/2/2013 21:00:00,Female,18-22,Bachelor Degree in Science or equivalent,United States,TRUE,I don't know.,Still about 6 million years old.,1000 x,1.45,I don't know,This person is tall,A Short sleeve shirt,Neutron,I do not know.,FALSE,I do not know. ,FALSE,FALSE,TRUE,Yes,FALSE,TRUE,Not sure
5/2/2013 21:01:48,Female,18-22,Bachelor Degree in Science or equivalent,United States,TRUE,Yes,6 million and 5 years old,1000 x,0.145,I don't know,This person is short,A Short sleeve shirt,Positive charge,TRUE,I do not know. ,TRUE,FALSE,FALSE,TRUE,I do not know,FALSE,TRUE,FALSE
5/2/2013 21:03:35,Female,18-22,Bachelor Degree in Science or equivalent,United States,TRUE,No,Still about 6 million years old.,1000 x,0.145,Dis-agree,I don't know,A light jacket,Positive charge,FALSE,I do not know. ,TRUE,TRUE,True ,TRUE,Yes,FALSE,Not sure,TRUE
5/2/2013 21:05:05,Female,18-22,Bachelor Degree in Science or equivalent,United States,TRUE,No,Still about 6 million years old.,1000 x,1.45,I don't know,I don't know,A light jacket,Positive charge,FALSE,I do not know. ,TRUE,FALSE,True ,TRUE,Yes,FALSE,TRUE,Not sure
5/2/2013 21:06:47,Female,18-22,Bachelor Degree in Science or equivalent,United States,TRUE,Yes,6 million and 5 years old,1000 x,0.145,Dis-agree,I don't know,A Short sleeve shirt,Positive charge,FALSE,FALSE,TRUE,FALSE,True ,TRUE,I do not know,FALSE,TRUE,TRUE
5/2/2013 21:08:22,Female,18-22,Bachelor Degree in Science or equivalent,United States,TRUE,Yes,Still about 6 million years old.,1000 x,0.145,I don't know,This person is short,A light jacket,Positive charge,FALSE,FALSE,TRUE,FALSE,True ,TRUE,Yes,TRUE,TRUE,Not sure
5/2/2013 21:09:46,Female,18-22,Bachelor Degree in Science or equivalent,United States,TRUE,Yes,6 million and 5 years old,1000 x,0.145,Dis-agree,I don't know,A Short sleeve shirt,Positive charge,TRUE,FALSE,TRUE,FALSE,True ,TRUE,Yes,FALSE,TRUE,TRUE
5/2/2013 21:11:16,Female,18-22,Bachelor Degree in Science or equivalent,United States,TRUE,No,Still about 6 million years old.,1000 x,1.45,I don't know,This person is tall,A Short sleeve shirt,Positive charge,FALSE,FALSE,TRUE,FALSE,True ,TRUE,I do not know,Maybe,TRUE,Not sure
5/2/2013 21:13:03,Female,18-22,Bachelor Degree in Science or equivalent,United States,TRUE,Yes,6 million and 5 years old,1000 x,1.45,Dis-agree,I don't know,I don't know,Positive charge,TRUE,TRUE,TRUE,TRUE,True ,TRUE,No,FALSE,TRUE,TRUE
5/2/2013 21:14:40,Female,18-22,Bachelor Degree in Science or equivalent,United States,TRUE,Yes,Still about 6 million years old.,1000 x,0.145,Dis-agree,This person is short,A Short sleeve shirt,Positive charge,FALSE,FALSE,TRUE,FALSE,True ,TRUE,Yes,FALSE,TRUE,TRUE
5/2/2013 21:17:06,Female,18-22,Bachelor Degree in Science or equivalent,United States,TRUE,Yes,Still about 6 million years old.,1000 x,0.145,Dis-agree,This person is tall,A light jacket,Positive charge,FALSE,I do not know. ,TRUE,FALSE,True ,TRUE,Yes,FALSE,TRUE,TRUE
5/2/2013 21:18:30,Female,18-22,Bachelor Degree in Science or equivalent,United States,Wrong,Yes,Still about 6 million years old.,1000 x,0.145,I don't know,I don't know,A light jacket,Positive charge,FALSE,FALSE,TRUE,FALSE,True ,TRUE,Yes,FALSE,FALSE,Not sure
5/2/2013 21:19:54,Female,18-22,Bachelor Degree in Science or equivalent,United States,TRUE,Yes,Still about 6 million years old.,1000 x,0.145,Dis-agree,This person is short,A light jacket,Positive charge,FALSE,FALSE,TRUE,FALSE,True ,TRUE,No,FALSE,TRUE,TRUE
5/2/2013 21:21:07,Female,18-22,Bachelor Degree in Science or equivalent,United States,TRUE,Yes,Still about 6 million years old.,1000 x,0.145,Dis-agree,This person is tall,A Short sleeve shirt,Positive charge,FALSE,FALSE,TRUE,FALSE,True ,TRUE,Yes,FALSE,TRUE,Not sure
5/2/2013 21:22:27,Female,18-22,Bachelor Degree in Science or equivalent,United States,TRUE,No,Still about 6 million years old.,1000 x,0.145,I don't know,This person is short,A Short sleeve shirt,Positive charge,TRUE,I do not know. ,TRUE,FALSE,True ,TRUE,Yes,FALSE,TRUE,Not sure
5/2/2013 21:24:02,Female,18-22,Bachelor Degree in Science or equivalent,United States,I don't know.,Yes,Still about 6 million years old.,1000 x,0.145,Dis-agree,This person is short,A light jacket,Negative charge,TRUE,FALSE,TRUE,TRUE,FALSE,TRUE,No,FALSE,TRUE,FALSE
5/2/2013 21:25:36,Female,18-22,Bachelor Degree in Science or equivalent,United States,TRUE,Yes,Still about 6 million years old.,1000 x,0.145,Dis-agree,This person is tall,A Short sleeve shirt,Positive charge,TRUE,TRUE,TRUE,FALSE,FALSE,TRUE,Yes,FALSE,TRUE,FALSE
5/2/2013 21:27:01,Female,18-22,Bachelor Degree in Science or equivalent,United States,TRUE,Yes,Still about 6 million years old.,1000 x,0.145,I don't know,This person is short,A Short sleeve shirt,Positive charge,FALSE,FALSE,TRUE,FALSE,FALSE,TRUE,No,FALSE,TRUE,TRUE
5/2/2013 21:29:02,Female,18-22,Bachelor Degree in Science or equivalent,United States,TRUE,Yes,6 million and 5 years old,100 x,1.45,Dis-agree,This person is short,I don't know,Positive charge,I do not know.,FALSE,TRUE,FALSE,FALSE,FALSE,No,FALSE,TRUE,Not sure
5/2/2013 21:30:24,Female,18-22,Bachelor Degree in Science or equivalent,United States,TRUE,Yes,Still about 6 million years old.,1000 x,0.0145,Dis-agree,This person is short,A Short sleeve shirt,Positive charge,I do not know.,FALSE,TRUE,I do not know.,I do no know. ,FALSE,No,FALSE,TRUE,Not sure
5/2/2013 21:31:42,Female,18-22,Bachelor Degree in Science or equivalent,United States,TRUE,No,Still about 6 million years old.,1000 x,1.45,I don't know,This person is short,A Short sleeve shirt,Positive charge,FALSE,TRUE,TRUE,TRUE,True ,TRUE,Yes,TRUE,TRUE,TRUE
5/2/2013 21:33:45,Female,18-22,Bachelor Degree in Science or equivalent,United States,TRUE,I don't know.,6 million and 5 years old,1000 x,0.145,Dis-agree,This person is short,A light jacket,Positive charge,FALSE,TRUE,TRUE,FALSE,True ,TRUE,I do not know,Neutral,TRUE,TRUE
5/2/2013 21:35:08,Female,18-22,Bachelor Degree in Science or equivalent,United States,TRUE,No,6 million and 5 years old,1000 x,0.145,I don't know,This person is tall,A Short sleeve shirt,Negative charge,FALSE,FALSE,TRUE,FALSE,FALSE,TRUE,Yes,FALSE,TRUE,TRUE
5/2/2013 21:36:28,Female,18-22,Bachelor Degree in Science or equivalent,United States,I don't know.,Yes,Still about 6 million years old.,10 x,0.145,I don't know,This person is short,A Short sleeve shirt,Positive charge,I do not know.,TRUE,TRUE,FALSE,I do no know. ,TRUE,Yes,FALSE,FALSE,FALSE
5/2/2013 21:38:16,Female,18-22,Bachelor Degree in Science or equivalent,United States,TRUE,No,6 million and 5 years old,1000 x,0.0145,I don't know,I don't know,A winter coat,Neutron,FALSE,I do not know. ,TRUE,TRUE,I do no know. ,TRUE,Yes,FALSE,TRUE,FALSE
5/2/2013 21:39:45,Female,18-22,Bachelor Degree in Science or equivalent,United States,TRUE,Yes,6 million and 5 years old,1000 x,1.45,Agree,This person is tall,A Short sleeve shirt,Negative charge,FALSE,TRUE,TRUE,TRUE,FALSE,TRUE,Yes,FALSE,TRUE,Not sure
5/2/2013 21:43:06,Female,23-30,Bachelor Degree in Science or equivalent,United States,TRUE,Yes,Still about 6 million years old.,1000 x,0.145,Dis-agree,This person is short,A light jacket,Positive charge,TRUE,FALSE,TRUE,FALSE,True ,TRUE,Yes,FALSE,TRUE,TRUE
5/2/2013 21:44:46,Female,18-22,Bachelor Degree in Science or equivalent,United States,TRUE,Yes,Still about 6 million years old.,1000 x,0.145,I don't know,This person is short,A Short sleeve shirt,Positive charge,FALSE,TRUE,FALSE,FALSE,True ,TRUE,Yes,FALSE,TRUE,Not sure
5/2/2013 21:46:09,Female,18-22,Bachelor Degree in Science or equivalent,United States,TRUE,Yes,6 million and 5 years old,1000 x,145000,I don't know,This person is short,A Short sleeve shirt,Negative charge,FALSE,I do not know. ,TRUE,I do not know.,FALSE,TRUE,Yes,FALSE,TRUE,Not sure
5/2/2013 21:47:33,Female,18-22,Bachelor Degree in Science or equivalent,United States,TRUE,Yes,6 million and 5 years old,1000 x,0.145,I don't know,This person is tall,A Short sleeve shirt,Positive charge,I do not know.,FALSE,TRUE,FALSE,True ,TRUE,Yes,FALSE,TRUE,TRUE
5/2/2013 21:48:45,Female,18-22,Bachelor Degree in Science or equivalent,United States,TRUE,Yes,Still about 6 million years old.,1000 x,1.45,I don't know,This person is tall,A Short sleeve shirt,Negative charge,FALSE,FALSE,TRUE,FALSE,True ,TRUE,Yes,FALSE,TRUE,Not sure
5/2/2013 21:50:00,Female,18-22,Bachelor Degree in Science or equivalent,United States,TRUE,Yes,6 million and 5 years old,1000 x,0.145,Dis-agree,This person is short,A Short sleeve shirt,Positive charge,TRUE,TRUE,TRUE,FALSE,True ,TRUE,Yes,FALSE,TRUE,TRUE
5/2/2013 21:51:12,Female,18-22,Bachelor Degree in Science or equivalent,United States,TRUE,Yes,6 million and 5 years old,1000 x,0.145,Dis-agree,This person is short,A winter coat,Positive charge,FALSE,FALSE,TRUE,TRUE,True ,TRUE,Yes,FALSE,TRUE,TRUE
5/2/2013 21:52:25,Female,18-22,Bachelor Degree in Science or equivalent,United States,TRUE,Yes,Still about 6 million years old.,1000 x,0.145,Dis-agree,This person is short,A Short sleeve shirt,Positive charge,FALSE,FALSE,TRUE,FALSE,True ,TRUE,Yes,TRUE,TRUE,FALSE
5/2/2013 21:53:47,Female,18-22,Bachelor Degree in Science or equivalent,United States,I don't know.,Yes,I don't know,1000 x,0.145,Agree,This person is short,A light jacket,Positive charge,I do not know.,FALSE,I do not know. ,FALSE,True ,I do not know.,Yes,FALSE,TRUE,Not sure
5/2/2013 21:55:07,Female,18-22,Bachelor Degree in Science or equivalent,United States,I don't know.,Yes,6 million and 5 years old,10 x,0.145,Agree,This person is tall,A light jacket,Negative charge,I do not know.,TRUE,FALSE,TRUE,True ,I do not know.,Yes,FALSE,TRUE,FALSE
5/2/2013 21:56:29,Female,18-22,Bachelor Degree in Science or equivalent,United States,TRUE,Yes,Still about 6 million years old.,1000 x,0.145,I don't know,This person is short,A Short sleeve shirt,Positive charge,I do not know.,I do not know. ,FALSE,FALSE,True ,TRUE,No,FALSE,Not sure,Not sure
5/2/2013 21:57:45,Female,18-22,Bachelor Degree in Science or equivalent,United States,TRUE,Yes,6 million and 5 years old,1000 x,0.145,I don't know,I don't know,A Short sleeve shirt,Positive charge,FALSE,I do not know. ,TRUE,FALSE,True ,TRUE,Yes,FALSE,Not sure,Not sure
5/2/2013 21:59:10,Female,18-22,Bachelor Degree in Science or equivalent,United States,I don't know.,Yes,6 million and 5 years old,1000 x,0.145,Dis-agree,This person is short,A light jacket,Positive charge,FALSE,I do not know. ,TRUE,FALSE,True ,TRUE,No,Maybe,TRUE,TRUE
5/2/2013 22:00:27,Female,18-22,Bachelor Degree in Science or equivalent,United States,TRUE,Yes,6 million and 5 years old,1000 x,145000,I don't know,This person is short,A winter coat,Electricity ,I do not know.,I do not know. ,TRUE,FALSE,True ,FALSE,I do not know,Maybe,TRUE,TRUE
5/2/2013 22:01:46,Female,18-22,Bachelor Degree in Science or equivalent,United States,TRUE,Yes,6 million and 5 years old,1000 x,0.0145,I don't know,This person is short,A Short sleeve shirt,Negative charge,I do not know.,TRUE,TRUE,FALSE,FALSE,TRUE,No,FALSE,FALSE,TRUE
5/2/2013 22:02:51,Female,18-22,Bachelor Degree in Science or equivalent,United States,TRUE,Yes,6 million and 5 years old,1000 x,0.145,I don't know,This person is short,A winter coat,Positive charge,TRUE,TRUE,TRUE,FALSE,FALSE,TRUE,Yes,FALSE,TRUE,TRUE
5/2/2013 22:04:10,Female,18-22,Bachelor Degree in Science or equivalent,United States,TRUE,I don't know.,6 million and 5 years old,1000 x,1.45,I don't know,This person is short,A Short sleeve shirt,Positive charge,FALSE,FALSE,TRUE,FALSE,True ,TRUE,No,TRUE,TRUE,TRUE
5/2/2013 22:05:49,Female,18-22,Bachelor Degree in Arts or equivalent,United States,TRUE,Yes,Still about 6 million years old.,1000 x,1.45,I don't know,This person is short,A Short sleeve shirt,Positive charge,FALSE,TRUE,I do not know. ,I do not know.,FALSE,FALSE,Yes,TRUE,TRUE,Not sure
5/2/2013 22:07:00,Female,18-22,Bachelor Degree in Science or equivalent,United States,TRUE,Yes,Still about 6 million years old.,1000 x,0.145,Agree,This person is short,A light jacket,Negative charge,I do not know.,FALSE,TRUE,FALSE,True ,TRUE,Yes,FALSE,TRUE,FALSE
5/2/2013 22:08:13,Female,18-22,Bachelor Degree in Science or equivalent,United States,TRUE,Yes,I don't know,1000 x,1.45,Dis-agree,This person is short,A winter coat,Positive charge,FALSE,I do not know. ,TRUE,FALSE,FALSE,TRUE,Yes,FALSE,Not sure,Not sure
5/29/2013 22:52:19,Female,51-55,High School or equivalent,United States,TRUE,Yes,6 million and 5 years old,1000 x,0.0145,Dis-agree,I don't know,A Short sleeve shirt,Negative charge,FALSE,FALSE,TRUE,TRUE,True ,TRUE,No,FALSE,TRUE,Not sure
6/12/2013 23:08:09,Male,More than 60 years old,Master Degree or equivalent,United States,TRUE,Yes,Still about 6 million years old.,1000 x,0.145,Dis-agree,This person is short,A Short sleeve shirt,Positive charge,FALSE,FALSE,TRUE,FALSE,True ,TRUE,No,FALSE,Not sure,Not sure
6/21/2013 17:49:28,Female,More than 60 years old,High School or equivalent,United States,I don't know.,Yes,Still about 6 million years old.,I do not know,I do not know. ,I don't know,This person is short,I don't know,Electricity ,I do not know.,I do not know. ,FALSE,TRUE,I do no know. ,TRUE,Yes,Maybe,TRUE,FALSE
7/11/2013 7:29:26,Male,18-22,Bachelor Degree in Science or equivalent,United Kingdom,Wrong,Yes,Still about 6 million years old.,1000 x,0.145,Dis-agree,This person is tall,A Short sleeve shirt,Neutron,FALSE,FALSE,TRUE,I do not know.,True ,TRUE,No,FALSE,TRUE,TRUE
8/5/2013 15:13:31,Male,18-22,Bachelor Degree in Science or equivalent,Germany,TRUE,Yes,Still about 6 million years old.,1000 x,0.145,Dis-agree,This person is short,A Short sleeve shirt,Positive charge,FALSE,FALSE,TRUE,FALSE,True ,TRUE,No,FALSE,TRUE,TRUE
8/6/2013 9:50:14,Female,18-22,Bachelor Degree in Arts or equivalent,United States,I don't know.,I do not know.,I don't know,1000 x,0.145,Agree,This person is short,I don't know,Electricity ,I do not know.,I do not know. ,I do not know. ,I do not know.,I do no know. ,I do not know.,I do not know,Neutral,Not sure,Not sure
8/6/2013 9:53:52,Female,18-22,Bachelor Degree in Science or equivalent,United States,TRUE,No,I don't know,1000 x,0.145,Agree,This person is short,I don't know,Neutron,FALSE,TRUE,I do not know. ,TRUE,FALSE,TRUE,Yes,FALSE,TRUE,TRUE
8/12/2013 14:12:00,Male,51-55,Bachelor Degree in Arts or equivalent,United States,TRUE,Yes,Still about 6 million years old.,1000 x,0.145,Dis-agree,This person is short,A Short sleeve shirt,Positive charge,FALSE,FALSE,TRUE,FALSE,True ,,No,FALSE,TRUE,TRUE
9/4/2013 12:11:37,Female,31-40,Ph.D. or equivalent,United States,TRUE,Yes,6 million and 5 years old,1000 x,0.145,Agree,This person is short,A Short sleeve shirt,Positive charge,FALSE,FALSE,TRUE,FALSE,True ,TRUE,Yes,FALSE,TRUE,FALSE
9/6/2013 15:50:43,Female,31-40,Ph.D. or equivalent,Estonia,Wrong,Yes,6 million and 5 years old,1000 x,0.145,Dis-agree,I don't know,A Short sleeve shirt,Positive charge,FALSE,FALSE,TRUE,FALSE,True ,TRUE,I do not know,FALSE,TRUE,TRUE
9/19/2013 18:12:37,Male,31-40,Master Degree or equivalent,United States,TRUE,Yes,6 million and 5 years old,1000 x,0.145,I don't know,This person is short,A Short sleeve shirt,Positive charge,I do not know.,FALSE,TRUE,TRUE,True ,TRUE,Yes,FALSE,TRUE,FALSE
9/19/2013 18:14:44,Female,31-40,Ph.D. or equivalent,United States,TRUE,Yes,Still about 6 million years old.,1000 x,0.145,Dis-agree,This person is short,A Short sleeve shirt,Positive charge,FALSE,FALSE,TRUE,FALSE,True ,TRUE,No,FALSE,TRUE,TRUE
9/19/2013 18:16:34,Female,18-22,Bachelor Degree in Science or equivalent,United States,TRUE,I do not know.,Still about 6 million years old.,100 x,1.45,Dis-agree,This person is short,A Short sleeve shirt,Positive charge,TRUE,TRUE,TRUE,TRUE,FALSE,TRUE,Yes,TRUE,TRUE,TRUE
9/19/2013 18:19:06,Female,18-22,Bachelor Degree in Science or equivalent,United States,TRUE,Yes,Still about 6 million years old.,1000 x,0.145,I don't know,This person is short,I don't know,Positive charge,FALSE,I do not know. ,TRUE,TRUE,I do no know. ,FALSE,Yes,Maybe,Not sure,TRUE
9/19/2013 18:20:54,Female,18-22,Bachelor Degree in Science or equivalent,United States,Wrong,Yes,Still about 6 million years old.,1000 x,1.45,Agree,This person is short,A winter coat,Negative charge,FALSE,FALSE,TRUE,FALSE,FALSE,TRUE,Yes,Neutral,TRUE,Not sure
9/19/2013 18:22:47,Male,18-22,Bachelor Degree in Science or equivalent,United States,Wrong,Yes,6 million and 5 years old,1000 x,0.145,Dis-agree,This person is short,A Short sleeve shirt,Positive charge,FALSE,FALSE,TRUE,FALSE,FALSE,TRUE,Yes,FALSE,TRUE,Not sure
9/19/2013 18:24:28,Female,18-22,Bachelor Degree in Science or equivalent,United States,TRUE,No,6 million and 5 years old,1000 x,0.145,Dis-agree,This person is short,A winter coat,Positive charge,FALSE,FALSE,TRUE,FALSE,True ,TRUE,No,FALSE,TRUE,TRUE
2/27/2014 18:01:44,Male,23-30,High School or equivalent,United States,TRUE,Yes,Still about 6 million years old.,1000 x,0.145,Dis-agree,This person is short,A Short sleeve shirt,Positive charge,FALSE,FALSE,TRUE,FALSE,True ,TRUE,No,FALSE,TRUE,TRUE